,time,latitude,longitude,depth,mag,id,updated,place,type,horizontalError,depthError,magError,state
3,2021-01-14T11:54:30.430Z,38.81266779999999,-122.8106689,1.03,0.55,nc73510775,2021-01-14T12:06:11.679Z,"6km NW of The Geysers, CA",earthquake,0.29,0.7,, CA
4,2021-01-14T11:56:51.200Z,38.8115005,-122.81166840000002,1.19,1.41,nc73510785,2021-01-14T11:58:28.493Z,"6km NW of The Geysers, CA",earthquake,0.19,0.49,0.07, CA
7,2021-01-14T12:22:52.030Z,38.7986679,-122.751503,2.51,0.46,nc73510795,2021-01-14T12:24:29.208Z,"2km N of The Geysers, CA",earthquake,0.41,1.07,0.31, CA
8,2021-01-14T12:31:05.500Z,35.9466667,-117.68483329999998,3.09,1.44,ci39756864,2021-01-14T12:34:56.420Z,"20km E of Little Lake, CA",earthquake,0.21,0.44,0.188, CA
10,2021-01-14T12:40:53.100Z,38.8263321,-122.807663,2.74,0.56,nc73510800,2021-01-14T12:42:27.962Z,"7km NW of The Geysers, CA",earthquake,0.4,1.02,, CA
13,2021-01-14T12:51:17.140Z,35.8116667,-117.639,7.21,0.71,ci39756872,2021-01-14T12:55:04.032Z,"22km N of Ridgecrest, CA",earthquake,0.23,0.45,0.174, CA
14,2021-01-14T12:51:17.160Z,35.812999700000006,-117.6391678,7.25,1.05,ci39756872,2021-01-14T12:54:59.449Z,"22km N of Ridgecrest, CA",earthquake,0.39,0.71,0.274, CA
15,2021-01-14T12:51:32.770Z,34.0418333,-117.08733329999998,8.65,1.88,ci39756880,2021-01-14T13:02:32.620Z,"4km WNW of Yucaipa, CA",earthquake,0.21,0.67,0.142, CA
16,2021-01-14T12:51:32.800Z,34.0424995,-117.0866699,7.61,1.88,ci39756880,2021-01-14T12:53:47.439Z,"4km WNW of Yucaipa, CA",earthquake,0.2,0.72,0.218, CA
20,2021-01-14T13:23:35.340Z,38.8363342,-122.8111649,1.92,0.56,nc73510815,2021-01-14T13:25:13.857Z,"8km WNW of Cobb, CA",earthquake,0.35,0.9,, CA
25,2021-01-14T13:49:21.780Z,38.8050003,-122.7835007,1.02,0.55,nc73510820,2021-01-14T13:50:58.714Z,"4km NW of The Geysers, CA",earthquake,0.34,0.71,, CA
26,2021-01-14T13:52:22.200Z,32.7943333,-115.4568333,7.59,1.52,ci39756904,2021-01-14T13:56:16.890Z,"7km WSW of Holtville, CA",earthquake,0.49,0.66,0.184, CA
27,2021-01-14T13:52:22.240Z,32.7878342,-115.4576645,6.65,1.64,ci39756904,2021-01-14T13:54:39.887Z,"8km WSW of Holtville, CA",earthquake,0.78,1.46,0.179, CA
29,2021-01-14T14:18:44.110Z,34.0906667,-118.42816670000002,12.01,1.43,ci39756912,2021-01-14T14:22:32.902Z,"3km NW of Beverly Hills, CA",earthquake,0.57,0.51,0.214, CA
30,2021-01-14T14:25:28.670Z,33.6991667,-117.2205,5.24,1.39,ci39756920,2021-01-14T14:29:08.103Z,"8km WSW of Menifee, CA",earthquake,0.41,31.61,0.327, CA
32,2021-01-14T14:48:13.300Z,32.811,-115.4538333,8.76,1.89,ci39756928,2021-01-14T14:51:59.831Z,"7km W of Holtville, CA",earthquake,0.56,0.94,0.239, CA
33,2021-01-14T14:54:12.880Z,38.8434982,-122.82533259999998,1.61,0.57,nc73510830,2021-01-14T15:05:12.644Z,"9km WNW of Cobb, CA",earthquake,0.24,0.54,, CA
35,2021-01-14T15:03:58.900Z,33.661,-116.7126667,15.15,0.8,ci39756968,2021-01-14T15:07:43.358Z,"9km S of Idyllwild, CA",earthquake,0.32,0.49,0.15, CA
39,2021-01-14T15:13:11.420Z,38.7966652,-122.7375031,1.06,0.64,nc73510835,2021-01-14T15:14:47.705Z,"3km NE of The Geysers, CA",earthquake,0.31,0.83,0.07, CA
40,2021-01-14T15:17:44.280Z,35.7093333,-117.50816670000002,4.95,0.94,ci39756992,2021-01-14T15:21:13.473Z,"11km SW of Searles Valley, CA",earthquake,0.38,0.94,0.085, CA
43,2021-01-14T15:26:53.580Z,33.871498100000004,-117.6106644,23.26,1.42,ci39757008,2021-01-14T15:30:44.549Z,"4km W of Corona, CA",earthquake,0.66,1.82,0.363, CA
45,2021-01-14T15:30:35.460Z,33.773166700000004,-116.14216670000002,5.51,1.01,ci39757016,2021-01-14T15:34:21.574Z,"9km NE of Indio, CA",earthquake,0.41,0.81,0.158, CA
46,2021-01-14T15:41:55.870Z,33.6751667,-116.6996667,17.19,0.77,ci39757024,2021-01-14T15:45:44.006Z,"7km SSE of Idyllwild, CA",earthquake,0.45,0.61,0.125, CA
49,2021-01-14T15:55:29.970Z,38.7975006,-122.7480011,1.64,0.57,nc73510840,2021-01-14T15:57:08.502Z,"2km NNE of The Geysers, CA",earthquake,0.3,1.48,, CA
54,2021-01-14T16:34:20.990Z,38.8134995,-122.80867,0.82,1.33,nc73510850,2021-01-14T16:37:57.600Z,"6km NW of The Geysers, CA",earthquake,0.15,0.3,0.02, CA
59,2021-01-14T17:47:28.040Z,38.796833,-122.7375031,1.56,0.15,nc73510865,2021-01-14T17:49:03.712Z,"3km NE of The Geysers, CA",earthquake,0.34,0.92,0.07, CA
60,2021-01-14T17:49:51.550Z,38.8325005,-122.8193359,1.58,0.89,nc73510870,2021-01-14T17:51:28.987Z,"8km NW of The Geysers, CA",earthquake,0.65,1.52,, CA
61,2021-01-14T17:56:27.720Z,38.8363342,-122.7825012,1.9,0.35,nc73510875,2021-01-14T17:58:03.471Z,"5km WNW of Cobb, CA",earthquake,0.33,0.54,0.14, CA
63,2021-01-14T18:12:55.940Z,37.0934982,-121.5090027,7.81,1.11,nc73510880,2021-01-14T18:14:33.829Z,"9km E of San Martin, CA",earthquake,0.48,1.25,0.13, CA
66,2021-01-14T18:30:33.610Z,38.80866620000001,-122.7921677,2.68,0.75,nc73510885,2021-01-14T18:32:08.931Z,"5km NW of The Geysers, CA",earthquake,0.22,0.43,0.17, CA
71,2021-01-14T18:42:58.770Z,37.389,-118.8036667,4.58,1.13,nc73510895,2021-01-14T20:19:03.601Z,"18km W of Round Valley, CA",earthquake,0.46,31.61,0.17600000000000002, CA
78,2021-01-14T18:52:25.540Z,33.1895,-115.6046667,3.08,1.27,ci39757280,2021-01-15T01:04:57.245Z,"10km SW of Niland, CA",earthquake,0.34,0.16,0.17, CA
79,2021-01-14T18:52:25.630Z,33.1824989,-115.6106644,2.74,1.59,ci39757280,2021-01-14T18:54:43.231Z,"11km SW of Niland, CA",earthquake,0.46,0.28,0.325, CA
80,2021-01-14T18:52:25.650Z,33.18,-115.60316670000002,1.57,1.29,ci39757280,2021-01-14T18:56:09.243Z,"10km NW of Calipatria, CA",earthquake,0.49,0.45,0.16, CA
81,2021-01-14T19:03:40.020Z,35.59766670000001,-117.6448333,-0.18,0.27,ci39757304,2021-01-14T21:18:22.431Z,"4km SE of Ridgecrest, CA",earthquake,0.88,1.02,0.107, CA
86,2021-01-14T19:18:10.140Z,37.9780006,-122.0356674,6.67,3.83,nc73510910,2021-01-14T19:24:09.677Z,"2km WNW of Concord, CA",earthquake,0.42,0.81,0.213, CA
87,2021-01-14T19:18:10.680Z,37.9708333,-122.04066670000002,15.24,3.63,nc73510910,2021-01-15T18:30:23.209Z,"2km W of Concord, CA",earthquake,0.15,0.2,, CA
88,2021-01-14T19:19:44.780Z,35.8415,-117.66566670000002,5.11,1.29,ci39757320,2021-01-15T01:11:32.886Z,"24km ESE of Little Lake, CA",earthquake,0.19,0.56,0.122, CA
89,2021-01-14T19:19:44.830Z,35.8385,-117.67033329999998,4.22,1.39,ci39757320,2021-01-14T19:23:30.375Z,"24km ESE of Little Lake, CA",earthquake,0.28,0.6,0.212, CA
91,2021-01-14T19:24:04.280Z,38.76183320000001,-122.7383347,2.12,0.37,nc73510915,2021-01-14T19:25:43.836Z,"2km SE of The Geysers, CA",earthquake,0.38,0.61,0.13, CA
92,2021-01-14T19:26:24.830Z,37.9743347,-122.0368347,13.76,2.17,nc73510920,2021-01-14T19:31:05.277Z,"2km WNW of Concord, CA",earthquake,0.27,0.62,0.12, CA
96,2021-01-14T19:30:49.830Z,33.3295,-116.2096667,10.7,1.15,ci39757352,2021-01-15T01:18:54.580Z,"17km ENE of Borrego Springs, CA",earthquake,0.24,0.6,0.111, CA
97,2021-01-14T19:30:49.970Z,33.3358333,-116.2116667,10.38,1.15,ci39757352,2021-01-14T19:34:22.451Z,"18km ENE of Borrego Springs, CA",earthquake,0.35,0.86,0.106, CA
99,2021-01-14T19:36:12.450Z,33.1855,-115.6038333,2.88,1.65,ci39757360,2021-01-15T01:22:06.181Z,"10km SW of Niland, CA",earthquake,0.23,0.22,0.191, CA
100,2021-01-14T19:36:12.480Z,33.1863333,-115.599,2.34,1.58,ci39757360,2021-01-14T19:40:11.493Z,"10km SW of Niland, CA",earthquake,0.31,0.35,0.2, CA
101,2021-01-14T19:41:57.870Z,38.7999992,-122.737999,1.16,1.32,nc73510925,2021-01-14T19:43:33.747Z,"3km SSW of Cobb, CA",earthquake,0.24,0.46,0.15, CA
105,2021-01-14T19:55:26.190Z,33.3525,-116.2766667,7.9,1.45,ci39757376,2021-01-14T19:59:10.634Z,"14km NE of Borrego Springs, CA",earthquake,1.86,11.45,0.333, CA
106,2021-01-14T19:55:36.270Z,33.1863333,-115.6016667,2.62,1.8,ci39757376,2021-01-14T21:33:30.000Z,"10km SW of Niland, CA",earthquake,0.49,0.45,0.362, CA
107,2021-01-14T20:11:12.820Z,40.87649920000001,-123.8328323,25.67,2.42,nc73510940,2021-01-14T20:15:11.580Z,"13km E of Blue Lake, CA",earthquake,0.57,0.91,0.17, CA
108,2021-01-14T20:13:31.210Z,33.2085,-116.033,10.37,1.18,ci39757384,2021-01-15T01:28:10.221Z,"12km NE of Ocotillo Wells, CA",earthquake,0.22,0.78,0.12, CA
109,2021-01-14T20:13:31.340Z,33.209999100000005,-116.03116609999998,9.96,1.38,ci39757384,2021-01-14T20:15:36.940Z,"12km NE of Ocotillo Wells, CA",earthquake,0.37,2.0,0.061, CA
110,2021-01-14T20:13:31.440Z,33.2206667,-116.032,13.14,1.18,ci39757384,2021-01-14T20:17:17.781Z,"11km SW of Salton City, CA",earthquake,0.44,3.02,0.14400000000000002, CA
111,2021-01-14T20:15:52.350Z,38.8284988,-122.855835,2.12,0.77,nc73510945,2021-01-14T20:25:04.644Z,"10km WNW of The Geysers, CA",earthquake,0.22,0.45,0.15, CA
112,2021-01-14T20:26:10.100Z,36.8033333,-121.5465012,6.57,0.84,nc73510950,2021-01-14T20:35:04.702Z,"5km S of San Juan Bautista, CA",earthquake,0.62,1.0,0.23, CA
115,2021-01-14T20:41:15.560Z,39.058,-123.379,5.29,0.8,nc73510955,2021-01-14T22:32:05.351Z,"6km NNW of Boonville, CA",earthquake,0.43,1.61,0.123, CA
116,2021-01-14T20:45:05.580Z,38.8273315,-122.7968369,2.57,1.03,nc73510960,2021-01-14T20:46:44.902Z,"6km W of Cobb, CA",earthquake,0.2,0.42,0.33, CA
117,2021-01-14T21:11:07.470Z,35.6563333,-117.4758333,0.65,1.58,ci39757432,2021-01-14T21:14:58.138Z,"14km SSW of Searles Valley, CA",earthquake,0.26,0.57,0.133, CA
118,2021-01-14T21:11:07.730Z,35.6595,-117.4775,3.03,1.57,ci39757432,2021-01-15T01:37:08.590Z,"14km SSW of Searles Valley, CA",earthquake,0.3,1.48,0.122, CA
120,2021-01-14T21:23:29.510Z,34.092833299999995,-116.8545,3.63,0.95,ci39757456,2021-01-15T01:38:54.286Z,"18km SSE of Big Bear Lake, CA",earthquake,0.23,0.43,0.19, CA
121,2021-01-14T21:23:29.570Z,34.091333299999995,-116.85616670000002,2.89,0.97,ci39757456,2021-01-14T21:27:07.398Z,"18km SSE of Big Bear Lake, CA",earthquake,0.51,1.1,0.211, CA
122,2021-01-14T21:23:29.590Z,34.086498299999995,-116.8639984,4.42,1.03,ci39757456,2021-01-14T21:25:34.574Z,"18km ENE of Yucaipa, CA",earthquake,0.99,0.52,0.155, CA
123,2021-01-14T21:40:13.300Z,34.0698333,-117.2723333,16.95,1.78,ci39757464,2021-01-14T22:12:28.832Z,"3km NNW of Loma Linda, CA",earthquake,0.15,0.3,0.138, CA
124,2021-01-14T21:40:13.450Z,34.0723333,-117.2715,14.56,1.8,ci39757472,2021-01-14T21:44:15.900Z,"3km NNW of Loma Linda, CA",earthquake,0.23,0.45,0.16, CA
125,2021-01-14T21:52:57.150Z,37.027832,-121.4691696,1.38,1.72,nc73510980,2021-01-14T21:54:33.480Z,"9km ENE of Gilroy, CA",earthquake,5.11,9.25,, CA
126,2021-01-14T22:15:25.780Z,35.7221667,-117.5331667,7.27,1.8,ci39757504,2021-01-14T22:19:11.435Z,"13km WSW of Searles Valley, CA",earthquake,0.42,1.55,0.127, CA
129,2021-01-14T22:25:11.680Z,32.7488333,-115.8155,8.36,1.65,ci39757528,2021-01-14T22:29:03.039Z,"17km E of Ocotillo, CA",earthquake,0.4,1.42,0.117, CA
130,2021-01-14T22:25:11.680Z,32.748000000000005,-115.82183329999998,9.35,1.6,ci39757528,2021-01-15T01:52:31.373Z,"16km E of Ocotillo, CA",earthquake,0.21,0.57,0.107, CA
133,2021-01-14T22:30:21.960Z,33.9401665,-117.7624969,0.44,1.37,ci39757544,2021-01-14T22:34:13.065Z,"6km S of Chino Hills, CA",earthquake,0.82,1.57,0.417, CA
137,2021-01-14T22:51:38.700Z,35.9543343,-120.9506683,7.22,1.22,nc73510990,2021-01-14T22:53:13.184Z,"8km SSW of San Ardo, CA",earthquake,3.17,3.04,0.3, CA
139,2021-01-14T22:58:25.500Z,38.8334999,-122.8111649,2.0,0.56,nc73510995,2021-01-14T23:00:02.533Z,"8km W of Cobb, CA",earthquake,0.44,1.42,, CA
140,2021-01-14T23:07:18.790Z,37.4916667,-118.8063333,5.69,1.03,nc73511000,2021-01-15T02:41:03.927Z,"14km SW of Toms Place, CA",earthquake,0.29,1.17,0.127, CA
148,2021-01-15T00:17:14.410Z,33.6965,-116.7265,17.96,0.89,ci39757648,2021-01-15T01:59:24.820Z,"5km S of Idyllwild, CA",earthquake,0.22,0.32,0.12, CA
149,2021-01-15T00:17:14.500Z,33.695666700000004,-116.7296667,17.86,0.92,ci39757648,2021-01-15T00:21:01.687Z,"5km SSW of Idyllwild, CA",earthquake,0.39,0.58,0.142, CA
151,2021-01-15T00:28:30.460Z,34.8293333,-118.9785,9.67,1.52,ci39757672,2021-01-15T02:02:09.432Z,"3km WNW of Frazier Park, CA",earthquake,0.28,0.43,0.142, CA
152,2021-01-15T00:28:30.540Z,34.8288333,-118.9776667,8.85,1.58,ci39757672,2021-01-15T00:32:18.836Z,"3km WNW of Frazier Park, CA",earthquake,0.45,0.87,0.15, CA
154,2021-01-15T00:35:32.020Z,37.38,-118.7981667,10.78,1.97,nc73511015,2021-01-15T18:24:04.392Z,"18km WSW of Round Valley, CA",earthquake,0.25,1.55,0.232, CA
155,2021-01-15T00:35:32.020Z,37.3796654,-118.7993317,10.8,1.89,nc73511015,2021-01-15T00:37:09.526Z,"18km WSW of Round Valley, CA",earthquake,0.32,1.86,0.16, CA
156,2021-01-15T00:37:35.140Z,37.384,-118.8,5.7,0.86,nc73511030,2021-01-15T02:19:04.804Z,"18km W of Round Valley, CA",earthquake,0.3,3.57,0.136, CA
157,2021-01-15T00:39:17.240Z,37.3968333,-118.8203333,4.53,1.03,nc73511035,2021-01-15T17:09:03.902Z,"20km W of Round Valley, CA",earthquake,0.45,31.61,0.196, CA
158,2021-01-15T00:41:55.390Z,38.8125,-122.8263321,1.92,1.32,nc73511040,2021-01-15T00:45:17.168Z,"7km WNW of The Geysers, CA",earthquake,0.18,0.27,0.18, CA
161,2021-01-15T01:00:52.120Z,38.8288345,-122.8014984,-0.37,0.56,nc73511045,2021-01-15T01:02:28.015Z,"7km W of Cobb, CA",earthquake,0.35,1.21,, CA
164,2021-01-15T01:22:31.160Z,35.6723333,-117.5225,1.85,1.4,ci39757704,2021-01-15T01:26:11.535Z,"15km ENE of Ridgecrest, CA",earthquake,0.29,0.79,0.091, CA
165,2021-01-15T01:38:17.170Z,38.7583351,-122.7228317,2.91,0.55,nc73511050,2021-01-15T01:39:53.468Z,"3km SW of Anderson Springs, CA",earthquake,0.58,0.88,0.05, CA
169,2021-01-15T02:04:36.490Z,34.0045,-117.173,14.28,0.84,ci39757720,2021-01-15T02:08:26.028Z,"6km S of Redlands, CA",earthquake,0.49,0.83,0.108, CA
170,2021-01-15T02:04:36.520Z,34.003,-117.17033329999998,13.64,0.81,ci39757720,2021-01-15T15:50:53.543Z,"6km S of Redlands, CA",earthquake,0.16,0.32,0.08199999999999999, CA
171,2021-01-15T02:04:36.760Z,33.9991684,-117.1610031,11.65,1.29,ci39757720,2021-01-15T02:06:56.463Z,"7km SSE of Redlands, CA",earthquake,0.44,0.97,0.402, CA
177,2021-01-15T04:06:23.310Z,34.0755,-116.7188333,6.17,0.91,ci39757760,2021-01-15T16:07:57.263Z,"13km WNW of Morongo Valley, CA",earthquake,0.17,0.32,0.108, CA
178,2021-01-15T04:06:23.470Z,34.0753333,-116.7278333,4.76,0.91,ci39757760,2021-01-15T04:10:05.431Z,"14km WNW of Morongo Valley, CA",earthquake,0.48,1.15,0.111, CA
181,2021-01-15T04:19:29.720Z,38.8278351,-122.8511658,1.74,0.34,nc73511085,2021-01-15T04:21:07.965Z,"10km NW of The Geysers, CA",earthquake,0.33,0.53,0.24, CA
192,2021-01-15T04:47:57.160Z,37.3796654,-118.8013306,9.9,2.01,nc73511090,2021-01-15T04:52:03.722Z,"18km WSW of Round Valley, CA",earthquake,0.27,1.76,0.23, CA
193,2021-01-15T04:47:57.170Z,37.3808333,-118.8016667,10.05,2.17,nc73511090,2021-01-15T18:28:07.418Z,"18km WSW of Round Valley, CA",earthquake,0.25,1.63,0.295, CA
196,2021-01-15T05:09:59.770Z,37.5268333,-118.8305,4.71,0.58,nc73511100,2021-01-15T18:33:55.015Z,"14km WSW of Toms Place, CA",earthquake,0.54,1.09,0.157, CA
204,2021-01-15T05:25:58.810Z,33.0335,-116.4055,3.68,0.9,ci39757816,2021-01-15T16:26:56.271Z,"19km ESE of Julian, CA",earthquake,0.19,0.45,0.1, CA
205,2021-01-15T05:25:58.960Z,33.0315,-116.398,4.67,0.87,ci39757816,2021-01-15T05:29:47.069Z,"20km ESE of Julian, CA",earthquake,0.48,1.5,0.1, CA
206,2021-01-15T05:26:13.830Z,33.0356667,-116.4085,4.72,0.54,ci37464165,2021-01-15T16:44:01.905Z,"19km ESE of Julian, CA",earthquake,0.27,0.51,0.109, CA
213,2021-01-15T06:05:31.450Z,35.6085,-117.4628333,13.46,0.94,ci39757824,2021-01-15T06:09:15.486Z,"18km SSW of Searles Valley, CA",earthquake,0.6,1.25,0.228, CA
214,2021-01-15T06:05:31.560Z,35.6073333,-117.4746667,10.74,0.92,ci39757824,2021-01-15T16:50:25.939Z,"18km E of Ridgecrest, CA",earthquake,0.25,0.49,0.222, CA
215,2021-01-15T06:05:48.010Z,34.0915,-116.8521667,2.88,2.04,ci39757832,2021-01-15T17:13:53.010Z,"18km SSE of Big Bear Lake, CA",earthquake,0.12,0.37,0.134, CA
216,2021-01-15T06:05:48.020Z,34.091,-116.8535,1.7,2.14,ci39757832,2021-01-15T06:16:40.490Z,"18km SSE of Big Bear Lake, CA",earthquake,0.21,0.4,0.159, CA
217,2021-01-15T06:06:49.070Z,33.9594994,-117.0388336,21.47,1.34,ci39757840,2021-01-15T06:10:32.289Z,"3km SSE of Calimesa, CA",earthquake,1.51,3.85,0.35700000000000004, CA
218,2021-01-15T06:06:55.270Z,33.6611667,-116.7185,15.74,0.67,ci39757840,2021-01-15T15:13:11.307Z,"9km S of Idyllwild, CA",earthquake,0.22,0.3,0.131, CA
222,2021-01-15T06:16:44.020Z,37.3596649,-122.1326675,3.99,1.78,nc73511125,2021-01-15T06:25:04.227Z,"2km S of Los Altos Hills, CA",earthquake,0.49,0.86,0.13, CA
223,2021-01-15T06:28:56.530Z,34.092,-116.8525,2.84,1.63,ci39757848,2021-01-15T17:32:11.200Z,"18km SSE of Big Bear Lake, CA",earthquake,0.12,0.43,0.14400000000000002, CA
224,2021-01-15T06:28:56.580Z,34.0925,-116.85366670000002,1.83,1.7,ci39757848,2021-01-15T06:32:43.426Z,"18km SSE of Big Bear Lake, CA",earthquake,0.24,0.42,0.129, CA
228,2021-01-15T07:02:21.940Z,32.802,-115.4551667,9.6,1.68,ci39757856,2021-01-15T17:37:10.659Z,"7km W of Holtville, CA",earthquake,0.43,0.61,0.181, CA
229,2021-01-15T07:02:22.160Z,32.8033333,-115.45716670000002,7.47,1.61,ci39757856,2021-01-15T07:06:32.126Z,"7km W of Holtville, CA",earthquake,0.58,0.82,0.172, CA
230,2021-01-15T07:10:07.810Z,35.6158333,-117.587,12.36,0.68,ci39757864,2021-01-15T07:13:55.869Z,"8km E of Ridgecrest, CA",earthquake,1.09,2.69,0.17, CA
231,2021-01-15T07:10:07.860Z,35.6116667,-117.59166670000002,9.65,0.69,ci39757864,2021-01-15T17:39:46.767Z,"8km E of Ridgecrest, CA",earthquake,0.29,0.7,0.154, CA
232,2021-01-15T07:13:11.310Z,33.2625,-115.78033329999998,2.54,1.01,ci39757872,2021-01-15T07:16:59.055Z,"11km SSW of Bombay Beach, CA",earthquake,1.19,0.78,0.21600000000000005, CA
233,2021-01-15T07:13:14.270Z,33.1853333,-115.5965,2.16,1.3,ci39757872,2021-01-15T17:54:44.844Z,"9km SW of Niland, CA",earthquake,0.3,0.31,0.211, CA
235,2021-01-15T07:16:33.330Z,35.6455,-117.4355,11.31,1.15,ci39757880,2021-01-15T07:20:08.786Z,"14km SSW of Searles Valley, CA",earthquake,0.51,1.36,0.142, CA
236,2021-01-15T07:18:42.050Z,40.2936667,-121.244,5.75,1.28,nc73511135,2021-01-15T17:18:04.957Z,"2km SW of Chester, CA",earthquake,1.33,4.02,0.03, CA
247,2021-01-15T08:25:20.930Z,32.8041667,-115.4545,8.77,1.22,ci39757896,2021-01-15T18:07:10.415Z,"7km W of Holtville, CA",earthquake,0.41,0.72,0.152, CA
248,2021-01-15T08:25:21.020Z,32.8138333,-115.4543333,9.39,1.24,ci39757896,2021-01-15T08:29:08.181Z,"7km W of Holtville, CA",earthquake,0.58,1.24,0.16399999999999998, CA
249,2021-01-15T08:25:32.090Z,32.8091667,-115.4495,8.76,1.21,ci37464197,2021-01-15T18:31:03.553Z,"6km W of Holtville, CA",earthquake,0.45,0.77,0.211, CA
252,2021-01-15T08:30:26.020Z,36.482666,-120.6358337,3.09,1.97,nc73511140,2021-01-15T08:32:05.431Z,"8km NNE of New Idria, CA",earthquake,1.41,3.51,0.16, CA
253,2021-01-15T08:37:26.300Z,37.9101677,-118.5554962,0.28,2.0,nc73511145,2021-01-15T08:42:04.021Z,"40km NNE of Toms Place, CA",earthquake,0.69,6.49,0.15, CA
255,2021-01-15T09:04:21.290Z,32.8468323,-116.6244965,17.21,1.56,ci39757912,2021-01-15T09:06:42.444Z,"9km WNW of Pine Valley, CA",earthquake,0.27,0.47,0.232, CA
256,2021-01-15T09:04:21.360Z,32.8441667,-116.624,16.86,1.4,ci39757912,2021-01-15T09:08:05.509Z,"9km WNW of Pine Valley, CA",earthquake,0.29,0.61,0.232, CA
268,2021-01-15T10:35:18.950Z,35.89633329999999,-117.6843333,4.09,0.37,ci39757928,2021-01-15T14:37:42.101Z,"20km ESE of Little Lake, CA",earthquake,0.19,1.08,0.063, CA
273,2021-01-15T10:46:03.750Z,38.8404999,-122.8106689,0.82,0.57,nc73511155,2021-01-15T11:24:04.937Z,"8km WNW of Cobb, CA",earthquake,0.25,1.17,, CA
274,2021-01-15T10:54:53.150Z,38.8291664,-122.8526688,1.62,0.34,nc73511160,2021-01-15T11:51:05.089Z,"10km NW of The Geysers, CA",earthquake,0.3,0.7,0.24, CA
275,2021-01-15T10:55:49.310Z,40.4674988,-123.7448349,27.85,2.32,nc73511165,2021-01-15T12:06:04.174Z,"31km E of Rio Dell, CA",earthquake,0.53,2.3,0.07, CA
276,2021-01-15T11:00:53.200Z,38.8328323,-122.8083344,1.86,0.56,nc73511170,2021-01-15T12:32:05.431Z,"8km W of Cobb, CA",earthquake,0.32,1.0,, CA
277,2021-01-15T11:01:23.330Z,33.489000000000004,-116.7991667,6.0,0.7,ci39757936,2021-01-15T15:23:51.380Z,"8km NE of Aguanga, CA",earthquake,0.23,0.62,0.14800000000000002, CA
278,2021-01-15T11:04:10.600Z,34.658666700000005,-116.29583329999998,3.16,1.65,ci39757944,2021-01-15T11:07:54.195Z,"14km WSW of Ludlow, CA",earthquake,0.53,2.02,0.15, CA
284,2021-01-15T11:32:36.310Z,36.139,-117.8376667,2.89,0.85,ci39757952,2021-01-15T11:36:10.668Z,"14km NE of Coso Junction, CA",earthquake,0.93,0.54,0.16899999999999998, CA
285,2021-01-15T11:33:57.190Z,35.8668333,-117.70283329999998,7.01,0.91,ci39757960,2021-01-15T11:37:29.177Z,"20km ESE of Little Lake, CA",earthquake,0.48,1.11,0.237, CA
286,2021-01-15T11:36:30.650Z,35.6876667,-117.5356667,6.67,1.4,ci39757968,2021-01-15T14:35:48.630Z,"15km ENE of Ridgecrest, CA",earthquake,0.28,0.86,0.199, CA
288,2021-01-15T11:59:32.930Z,34.2885,-117.12283329999998,4.39,1.44,ci39757976,2021-01-15T14:35:01.998Z,"8km NE of Lake Arrowhead, CA",earthquake,0.28,2.8,0.194, CA
289,2021-01-15T12:00:35.900Z,38.7873344,-122.7679977,1.8,1.22,nc73511175,2021-01-15T12:58:04.451Z,"2km NW of The Geysers, CA",earthquake,0.25,0.39,0.1, CA
294,2021-01-15T12:27:03.700Z,32.751999999999995,-115.8273333,5.68,1.59,ci39757984,2021-01-15T12:37:40.250Z,"16km E of Ocotillo, CA",earthquake,0.46,1.42,0.157, CA
301,2021-01-15T12:55:42.820Z,34.0245,-117.21366670000002,8.85,1.07,ci39757992,2021-01-15T12:59:28.655Z,"4km SW of Redlands, CA",earthquake,0.23,0.73,0.249, CA
304,2021-01-15T13:00:45.390Z,38.7965012,-122.7348328,0.62,0.64,nc73511185,2021-01-15T13:54:03.763Z,"3km NE of The Geysers, CA",earthquake,0.33,0.6,0.07, CA
305,2021-01-15T13:05:43.230Z,35.6145,-117.4105,10.15,0.87,ci39758000,2021-01-15T13:09:16.908Z,"17km S of Trona, CA",earthquake,0.63,1.21,0.136, CA
312,2021-01-15T13:29:13.370Z,33.3503333,-116.2381667,10.78,0.99,ci39758016,2021-01-15T13:32:59.225Z,"16km NE of Borrego Springs, CA",earthquake,0.32,0.74,0.161, CA
313,2021-01-15T13:32:01.960Z,38.8320007,-122.8174973,1.5,0.56,nc73511195,2021-01-15T14:20:04.908Z,"8km NW of The Geysers, CA",earthquake,0.67,0.74,, CA
316,2021-01-15T13:39:05.650Z,35.7511667,-117.4908333,1.33,1.18,ci39758024,2021-01-15T13:43:15.292Z,"8km WSW of Searles Valley, CA",earthquake,0.58,0.73,0.168, CA
317,2021-01-15T13:41:07.460Z,33.586833299999995,-116.8213333,5.02,0.23,ci39758032,2021-01-15T13:45:10.311Z,"14km WNW of Anza, CA",earthquake,0.51,0.88,0.263, CA
318,2021-01-15T13:42:52.000Z,33.7691667,-116.135,8.4,0.91,ci39758040,2021-01-15T13:47:22.331Z,"9km NE of Indio, CA",earthquake,0.53,1.48,0.13, CA
321,2021-01-15T14:06:37.440Z,37.5096667,-118.9946667,2.5,0.55,nc73511215,2021-01-15T17:22:03.982Z,"14km S of Mammoth Lakes, CA",earthquake,0.54,31.61,0.09, CA
322,2021-01-15T14:15:25.450Z,38.8378334,-122.8363342,1.79,0.37,nc73511220,2021-01-15T15:12:04.197Z,"10km NW of The Geysers, CA",earthquake,0.24,0.49,0.36, CA
323,2021-01-15T14:17:07.080Z,35.8913333,-117.724,8.54,1.34,ci39758064,2021-01-15T14:21:11.649Z,"17km ESE of Little Lake, CA",earthquake,0.24,0.62,0.166, CA
326,2021-01-15T14:34:26.780Z,38.8230019,-122.8001633,1.35,1.33,nc73511225,2021-01-15T15:38:04.339Z,"6km NW of The Geysers, CA",earthquake,0.17,0.31,0.09, CA
329,2021-01-15T15:18:57.470Z,35.9111667,-117.68066670000002,3.23,0.58,ci39758136,2021-01-15T15:22:30.998Z,"20km E of Little Lake, CA",earthquake,0.41,8.55,0.119, CA
330,2021-01-15T15:19:16.300Z,35.9128333,-117.6931667,7.25,1.35,ci39758144,2021-01-15T15:22:55.000Z,"19km E of Little Lake, CA",earthquake,0.24,0.62,0.165, CA
331,2021-01-15T15:20:07.130Z,38.81399920000001,-122.7621689,2.0,0.4,nc73511235,2021-01-15T16:31:05.661Z,"4km WSW of Cobb, CA",earthquake,0.36,0.89,0.17, CA
332,2021-01-15T15:24:43.280Z,38.8115005,-122.8294983,1.22,0.56,nc73511240,2021-01-15T16:58:04.826Z,"7km WNW of The Geysers, CA",earthquake,0.5,0.8,, CA
337,2021-01-15T15:48:59.530Z,38.8236656,-122.8428345,1.76,0.57,nc73511250,2021-01-15T17:39:05.082Z,"9km NW of The Geysers, CA",earthquake,0.39,0.94,, CA
341,2021-01-15T15:55:58.580Z,38.83466720000001,-122.8071671,2.31,0.84,nc73511255,2021-01-15T16:06:03.489Z,"7km W of Cobb, CA",earthquake,0.21,0.49,0.09, CA
350,2021-01-15T16:13:52.860Z,33.597666700000005,-116.80316670000002,7.08,0.53,ci39758200,2021-01-15T16:17:33.370Z,"13km WNW of Anza, CA",earthquake,0.49,0.81,0.256, CA
352,2021-01-15T16:26:07.120Z,38.82433320000001,-122.8560028,2.29,1.65,nc73511275,2021-01-15T18:31:04.816Z,"10km WNW of The Geysers, CA",earthquake,0.19,0.31,0.1, CA
353,2021-01-15T16:27:33.170Z,38.8250008,-122.8564987,2.24,0.91,nc73511280,2021-01-15T16:48:03.755Z,"10km WNW of The Geysers, CA",earthquake,0.22,0.42,0.01, CA
354,2021-01-15T16:27:42.780Z,38.82433320000001,-122.8564987,2.2,0.86,nc73511285,2021-01-15T16:59:03.835Z,"10km WNW of The Geysers, CA",earthquake,0.22,0.39,0.07, CA
357,2021-01-15T16:36:42.080Z,33.6016667,-116.8063333,6.31,0.67,ci39758208,2021-01-15T16:40:28.517Z,"13km WNW of Anza, CA",earthquake,0.32,0.58,0.218, CA
359,2021-01-15T16:50:55.150Z,36.5731659,-121.17199709999998,0.14,1.45,nc73511300,2021-01-15T17:04:04.868Z,"5km NNW of Pinnacles, CA",earthquake,0.62,2.0,0.39, CA
362,2021-01-15T17:13:18.480Z,32.7401667,-115.82016670000002,10.41,2.05,ci39758224,2021-01-15T17:24:00.660Z,"16km E of Ocotillo, CA",earthquake,0.35,0.7,0.163, CA
363,2021-01-15T17:19:01.500Z,32.746,-115.8183333,9.3,2.27,ci39758232,2021-01-15T17:29:48.560Z,"16km E of Ocotillo, CA",earthquake,0.41,1.0,0.188, CA
369,2021-01-15T17:52:08.500Z,37.9090004,-118.5345001,10.71,2.25,nc73511315,2021-01-15T18:12:07.308Z,"41km NNE of Toms Place, CA",earthquake,0.45,1.14,0.18, CA
372,2021-01-15T18:10:37.520Z,38.8154984,-122.8251648,2.1,0.56,nc73511320,2021-01-15T18:21:05.368Z,"7km NW of The Geysers, CA",earthquake,0.32,0.78,, CA
373,2021-01-15T18:15:36.340Z,35.8881667,-117.4141667,1.39,1.58,ci39758320,2021-01-15T18:26:06.320Z,"14km N of Searles Valley, CA",earthquake,0.35,0.57,0.204, CA
376,2021-01-15T18:23:09.630Z,32.7348333,-115.793,5.24,1.4,ci39758328,2021-01-15T18:26:54.967Z,"19km E of Ocotillo, CA",earthquake,0.66,1.87,0.174, CA
384,2021-01-15T19:20:21.280Z,37.260833700000006,-121.6171646,7.22,1.68,nc73511345,2021-01-15T19:22:00.526Z,"15km NNE of Morgan Hill, CA",earthquake,0.21,0.59,0.34, CA
387,2021-01-15T19:24:17.160Z,38.8273315,-122.7543335,0.27,0.57,nc73511350,2021-01-15T19:36:05.095Z,"3km WNW of Cobb, CA",earthquake,0.26,0.64,0.15, CA
388,2021-01-15T20:00:11.740Z,38.7978325,-122.7703323,3.2,1.2,nc73511360,2021-01-15T20:01:49.578Z,"3km NNW of The Geysers, CA",earthquake,0.23,0.47,0.16, CA
389,2021-01-15T20:01:47.320Z,37.9108315,-118.5428314,3.85,2.81,nc73511370,2021-01-15T20:07:06.255Z,"41km NNE of Toms Place, CA",earthquake,0.28,7.19,0.313, CA
390,2021-01-15T20:02:03.390Z,37.91099929999999,-118.5323334,1.72,2.82,nc73511365,2021-01-15T20:07:05.255Z,"41km NNE of Toms Place, CA",earthquake,0.54,5.87,0.311, CA
393,2021-01-15T20:21:57.250Z,38.8198318,-122.7623367,1.88,1.15,nc73511380,2021-01-15T20:33:04.397Z,"3km W of Cobb, CA",earthquake,0.23,0.51,0.1, CA
396,2021-01-15T20:38:11.340Z,37.90750120000001,-118.5483322,-1.41,2.82,nc73511395,2021-01-15T20:49:50.020Z,"40km NNE of Toms Place, CA",earthquake,0.36,5.76,0.345, CA
399,2021-01-15T20:47:01.380Z,37.9111671,-118.5391693,3.93,2.04,nc73511415,2021-01-15T20:52:50.855Z,"41km NNE of Toms Place, CA",earthquake,1.03,9.78,0.17, CA
404,2021-01-15T21:17:13.090Z,34.2616667,-117.1355,3.05,1.62,ci39758440,2021-01-15T21:21:03.624Z,"5km ENE of Lake Arrowhead, CA",earthquake,0.26,0.98,0.189, CA
405,2021-01-15T21:21:26.000Z,34.0256667,-117.2013333,14.56,0.95,ci39758448,2021-01-15T21:25:10.438Z,"4km SSW of Redlands, CA",earthquake,0.38,0.57,0.16, CA
406,2021-01-15T21:30:26.580Z,35.64666670000001,-117.5403333,1.58,1.58,ci39758456,2021-01-15T21:34:12.718Z,"13km ENE of Ridgecrest, CA",earthquake,0.33,0.61,0.179, CA
409,2021-01-15T21:36:41.540Z,34.0325,-117.1978333,14.95,1.06,ci39758464,2021-01-15T21:40:34.060Z,"3km SSW of Redlands, CA",earthquake,0.41,0.78,0.2, CA
410,2021-01-15T21:38:30.210Z,32.9216667,-116.2553333,3.18,1.21,ci39758472,2021-01-15T21:42:19.933Z,"27km SSW of Ocotillo Wells, CA",earthquake,0.28,0.41,0.16699999999999998, CA
414,2021-01-15T22:11:07.710Z,37.9133339,-118.5398331,1.09,3.93,nc73511455,2021-01-15T22:22:37.040Z,"41km NNE of Toms Place, CA",earthquake,0.26,3.66,, CA
416,2021-01-15T22:18:29.020Z,32.8086667,-115.45583329999998,7.43,1.53,ci39758528,2021-01-15T22:22:18.023Z,"7km W of Holtville, CA",earthquake,0.55,0.89,0.18600000000000005, CA
417,2021-01-15T22:19:20.000Z,37.9093323,-118.5396652,3.37,1.65,nc73511465,2021-01-15T22:20:54.739Z,"41km NNE of Toms Place, CA",earthquake,0.81,7.01,0.14, CA
419,2021-01-15T22:28:03.530Z,37.9141655,-118.5368347,2.78,1.65,nc73511475,2021-01-15T22:34:03.920Z,"41km NNE of Toms Place, CA",earthquake,1.77,9.73,0.09, CA
425,2021-01-15T22:50:15.350Z,37.9124985,-118.5508347,-0.34,2.88,nc73511495,2021-01-15T22:54:08.240Z,"41km NNE of Toms Place, CA",earthquake,0.28,6.21,0.31, CA
426,2021-01-15T22:51:16.810Z,37.635833700000006,-118.8470001,6.22,1.8,nc73511500,2021-01-15T22:52:55.253Z,"12km E of Mammoth Lakes, CA",earthquake,0.83,0.95,0.2, CA
427,2021-01-15T22:57:19.530Z,37.912166600000006,-118.536499,6.15,1.81,nc73511505,2021-01-15T23:07:09.113Z,"41km NNE of Toms Place, CA",earthquake,0.69,7.82,0.12, CA
431,2021-01-15T23:21:03.000Z,34.1119995,-117.2728348,17.34,1.17,ci39758560,2021-01-15T23:23:07.736Z,"3km SE of San Bernardino, CA",earthquake,1.22,1.81,0.35600000000000004, CA
432,2021-01-15T23:21:03.700Z,34.0675,-117.2865,17.23,0.89,ci39758560,2021-01-15T23:24:50.965Z,"3km ESE of Colton, CA",earthquake,0.61,1.34,0.171, CA
439,2021-01-15T23:42:42.070Z,37.4070015,-118.6135025,5.05,2.04,nc73511540,2021-01-15T23:47:04.322Z,"2km WSW of Round Valley, CA",earthquake,0.41,3.41,0.19, CA
442,2021-01-15T23:58:36.790Z,38.8375015,-122.7838364,0.85,1.33,nc73511550,2021-01-16T00:08:04.435Z,"6km WNW of Cobb, CA",earthquake,0.18,0.28,0.18, CA
448,2021-01-16T00:21:55.940Z,35.1098328,-118.8203354,4.47,1.66,ci39758616,2021-01-16T00:24:19.403Z,"11km S of Arvin, CA",earthquake,0.51,0.77,0.32, CA
449,2021-01-16T00:21:56.090Z,35.0926667,-118.8066667,1.69,1.57,ci39758616,2021-01-16T00:32:44.960Z,"13km S of Arvin, CA",earthquake,0.33,0.56,0.239, CA
452,2021-01-16T00:30:46.440Z,33.4831667,-116.4021667,9.04,0.99,ci39758624,2021-01-16T00:34:32.004Z,"22km SSW of La Quinta, CA",earthquake,0.33,0.75,0.19, CA
453,2021-01-16T00:44:33.760Z,35.6846667,-117.51666670000002,2.1,0.93,ci39758632,2021-01-16T00:48:20.745Z,"14km SW of Searles Valley, CA",earthquake,0.78,0.93,0.145, CA
454,2021-01-16T00:48:36.150Z,32.7473333,-115.8238333,4.14,1.48,ci39758640,2021-01-16T00:52:18.110Z,"16km E of Ocotillo, CA",earthquake,0.44,1.61,0.14800000000000002, CA
455,2021-01-16T00:51:40.370Z,36.0373344,-120.623497,1.04,0.69,nc73511580,2021-01-16T00:53:14.913Z,"23km NW of Parkfield, CA",earthquake,3.77,10.75,0.27, CA
456,2021-01-16T00:53:25.570Z,37.6339989,-118.8498306,6.06,2.33,nc73511585,2021-01-16T01:01:03.711Z,"11km E of Mammoth Lakes, CA",earthquake,0.36,0.51,0.2, CA
457,2021-01-16T00:54:55.690Z,33.5026667,-116.7856667,7.05,0.51,ci39758664,2021-01-16T00:58:35.156Z,"10km NE of Aguanga, CA",earthquake,0.24,0.81,0.069, CA
458,2021-01-16T00:57:24.420Z,38.8284988,-122.8048325,1.52,0.44,nc73511590,2021-01-16T01:07:04.744Z,"7km NW of The Geysers, CA",earthquake,0.33,0.57,0.15, CA
463,2021-01-16T01:09:14.280Z,32.7925,-115.4508333,7.74,1.42,ci39758672,2021-01-16T01:12:57.249Z,"7km WSW of Holtville, CA",earthquake,0.64,0.81,0.145, CA
466,2021-01-16T01:24:15.780Z,35.6996667,-117.51,7.66,0.73,ci39758688,2021-01-16T01:27:58.723Z,"12km SW of Searles Valley, CA",earthquake,0.6,1.73,0.232, CA
467,2021-01-16T01:37:34.310Z,36.04233170000001,-120.6133347,4.73,0.32,nc73511605,2021-01-16T01:46:04.952Z,"23km NW of Parkfield, CA",earthquake,1.14,2.03,, CA
468,2021-01-16T02:00:12.130Z,33.6076667,-116.8035,6.32,0.24,ci39758704,2021-01-16T02:03:54.991Z,"13km WNW of Anza, CA",earthquake,0.28,0.39,0.17800000000000002, CA
471,2021-01-16T02:13:44.470Z,37.91266629999999,-118.5401688,0.67,1.94,nc73511620,2021-01-16T02:20:06.454Z,"41km NNE of Toms Place, CA",earthquake,0.84,5.78,0.1, CA
476,2021-01-16T02:44:16.960Z,35.7949982,-120.3453369,2.83,1.71,nc73511630,2021-01-16T02:52:04.325Z,"9km NNW of Cholame, CA",earthquake,0.3,0.58,0.26, CA
479,2021-01-16T02:53:50.150Z,38.81316760000001,-122.7763367,0.46,0.82,nc73511640,2021-01-16T03:04:04.393Z,"4km NNW of The Geysers, CA",earthquake,0.26,0.5,0.07, CA
482,2021-01-16T03:09:33.840Z,33.4973333,-116.79066670000002,4.26,0.59,ci39758728,2021-01-16T03:13:15.767Z,"9km NE of Aguanga, CA",earthquake,0.23,0.4,0.145, CA
485,2021-01-16T03:33:26.920Z,38.818332700000006,-122.8153305,2.61,0.55,nc73511655,2021-01-16T03:35:07.388Z,"7km NW of The Geysers, CA",earthquake,0.42,1.05,, CA
488,2021-01-16T03:44:29.790Z,32.7425,-115.825,9.95,2.13,ci39758736,2021-01-16T03:48:12.307Z,"16km E of Ocotillo, CA",earthquake,0.36,0.79,0.177, CA
491,2021-01-16T04:00:42.840Z,38.7993317,-122.7373352,2.02,0.84,nc73511665,2021-01-16T04:02:21.249Z,"3km SSW of Cobb, CA",earthquake,0.35,1.43,0.08, CA
495,2021-01-16T04:26:04.490Z,38.8201675,-122.7828369,0.92,0.82,nc73511690,2021-01-16T04:36:04.074Z,"5km W of Cobb, CA",earthquake,0.35,0.66,0.07, CA
496,2021-01-16T04:31:03.750Z,35.866,-117.7083333,7.89,1.46,ci39758744,2021-01-16T04:35:00.561Z,"20km ESE of Little Lake, CA",earthquake,0.27,0.76,0.179, CA
501,2021-01-16T05:07:26.190Z,38.8364983,-122.784668,1.38,0.56,nc73511700,2021-01-16T05:09:06.909Z,"6km WNW of Cobb, CA",earthquake,0.48,1.14,, CA
502,2021-01-16T05:08:20.960Z,37.6343346,-118.8483353,6.16,2.05,nc73511705,2021-01-16T05:09:54.340Z,"12km E of Mammoth Lakes, CA",earthquake,0.64,0.74,0.18, CA
504,2021-01-16T05:14:55.840Z,33.6835,-116.7165,16.88,0.21,ci39758752,2021-01-16T05:18:41.966Z,"6km S of Idyllwild, CA",earthquake,0.44,0.51,0.245, CA
507,2021-01-16T05:25:48.040Z,38.7983322,-122.7486649,1.68,1.1,nc73511715,2021-01-16T05:27:27.332Z,"2km NNE of The Geysers, CA",earthquake,0.26,0.42,0.19, CA
513,2021-01-16T06:00:17.710Z,38.7961655,-122.74916840000002,1.52,1.08,nc73511730,2021-01-16T06:01:57.597Z,"2km NNE of The Geysers, CA",earthquake,0.23,0.36,0.18, CA
515,2021-01-16T06:10:33.180Z,33.3608333,-115.7845,1.14,1.21,ci39758760,2021-01-16T06:14:16.028Z,"5km WNW of Bombay Beach, CA",earthquake,0.42,31.61,0.159, CA
516,2021-01-16T06:10:50.840Z,33.350666700000005,-115.7795,2.67,1.43,ci39758768,2021-01-16T06:14:38.195Z,"4km W of Bombay Beach, CA",earthquake,0.36,0.63,0.121, CA
517,2021-01-16T06:12:17.340Z,33.6771667,-116.7586667,17.77,1.18,ci39758776,2021-01-16T06:15:54.199Z,"8km SSW of Idyllwild, CA",earthquake,0.23,0.41,0.219, CA
518,2021-01-16T06:15:35.520Z,33.3466667,-115.779,2.48,1.05,ci39758784,2021-01-16T06:19:09.481Z,"4km W of Bombay Beach, CA",earthquake,0.57,0.99,0.14800000000000002, CA
522,2021-01-16T06:31:26.280Z,37.90850070000001,-118.552002,-0.55,2.69,nc73511750,2021-01-16T06:37:05.706Z,"40km NNE of Toms Place, CA",earthquake,0.45,7.33,0.36, CA
524,2021-01-16T06:36:26.270Z,37.9091682,-118.5439987,2.84,1.89,nc73511770,2021-01-16T06:38:02.131Z,"40km NNE of Toms Place, CA",earthquake,0.97,6.65,0.15, CA
527,2021-01-16T06:41:25.930Z,37.90850070000001,-118.5475006,2.83,2.09,nc73511790,2021-01-16T06:50:41.317Z,"40km NNE of Toms Place, CA",earthquake,0.9,7.08,0.13, CA
529,2021-01-16T06:49:27.480Z,37.9086685,-118.54383090000002,2.83,1.89,nc73511795,2021-01-16T06:53:01.275Z,"40km NNE of Toms Place, CA",earthquake,1.11,7.38,0.16, CA
530,2021-01-16T06:52:00.630Z,37.9088326,-118.5463333,1.77,2.95,nc73511805,2021-01-16T06:54:40.843Z,"40km NNE of Toms Place, CA",earthquake,0.76,5.28,0.287, CA
531,2021-01-16T06:52:18.530Z,37.8983345,-118.5400009,-2.23,2.95,nc73511800,2021-01-16T06:54:31.301Z,"39km NNE of Toms Place, CA",earthquake,0.55,0.96,0.279, CA
534,2021-01-16T06:56:33.940Z,37.9116669,-118.5563354,-0.72,2.82,nc73511825,2021-01-16T07:02:02.858Z,"40km NNE of Toms Place, CA",earthquake,0.33,6.66,0.2, CA
537,2021-01-16T07:09:52.000Z,37.9058342,-118.54166409999998,3.01,1.88,nc73511850,2021-01-16T07:17:21.240Z,"40km NNE of Toms Place, CA",earthquake,1.49,10.01,0.1, CA
538,2021-01-16T07:10:20.950Z,37.9070015,-118.5476685,2.85,1.84,nc73511855,2021-01-16T07:18:03.948Z,"40km NNE of Toms Place, CA",earthquake,0.97,6.57,0.13, CA
541,2021-01-16T07:16:01.750Z,37.9116669,-118.55233,-0.9,3.18,nc73511860,2021-01-16T07:22:34.014Z,"40km NNE of Toms Place, CA",earthquake,0.23,5.38,0.305, CA
542,2021-01-16T07:18:04.520Z,33.598833299999995,-116.8038333,6.46,0.48,ci39758848,2021-01-16T07:21:43.654Z,"13km WNW of Anza, CA",earthquake,0.68,0.87,0.123, CA
544,2021-01-16T07:20:26.630Z,33.5996667,-116.79966670000002,7.16,0.27,ci39758856,2021-01-16T07:24:14.652Z,"13km WNW of Anza, CA",earthquake,0.66,0.92,0.204, CA
547,2021-01-16T07:29:42.640Z,37.911335,-118.5588303,-1.32,2.4,nc73511875,2021-01-16T07:34:41.735Z,"40km NNE of Toms Place, CA",earthquake,0.38,7.89,0.18, CA
564,2021-01-16T09:56:13.870Z,37.912166600000006,-118.5541687,-0.54,2.32,nc73511950,2021-01-16T10:06:43.461Z,"40km NNE of Toms Place, CA",earthquake,0.34,6.64,0.24, CA
567,2021-01-16T10:09:37.420Z,33.9766667,-117.228,14.11,1.54,ci39758888,2021-01-16T10:13:35.855Z,"6km N of Moreno Valley, CA",earthquake,0.23,0.43,0.207, CA
570,2021-01-16T10:18:28.280Z,33.684,-116.7903333,15.67,1.22,ci39758896,2021-01-16T10:22:24.081Z,"9km SW of Idyllwild, CA",earthquake,0.22,0.42,0.256, CA
572,2021-01-16T10:38:26.860Z,37.9053345,-118.5276642,10.5,2.59,nc73511975,2021-01-16T10:40:01.600Z,"40km NNE of Toms Place, CA",earthquake,0.48,1.54,0.2, CA
576,2021-01-16T10:54:40.440Z,34.2396667,-117.55483329999998,6.91,1.05,ci39758912,2021-01-16T10:58:29.123Z,"6km WSW of Lytle Creek, CA",earthquake,0.35,1.03,0.197, CA
577,2021-01-16T10:56:04.810Z,38.8343315,-122.80950159999998,1.95,0.35,nc73511980,2021-01-16T11:06:05.308Z,"8km W of Cobb, CA",earthquake,0.3,0.57,, CA
582,2021-01-16T11:13:24.260Z,38.81316760000001,-122.7695007,0.07,1.26,nc73511990,2021-01-16T11:23:04.424Z,"4km WSW of Cobb, CA",earthquake,0.22,0.53,0.07, CA
588,2021-01-16T11:39:30.040Z,35.7825,-117.5515,7.06,0.69,ci39758920,2021-01-16T11:43:04.681Z,"13km W of Searles Valley, CA",earthquake,0.63,0.93,0.214, CA
589,2021-01-16T11:43:31.700Z,35.686,-117.5558333,1.55,0.8,ci39758928,2021-01-16T11:47:10.323Z,"13km NE of Ridgecrest, CA",earthquake,0.45,0.69,0.047, CA
600,2021-01-16T12:49:02.900Z,36.132,-117.82533329999998,2.54,1.39,ci39758952,2021-01-16T12:52:49.188Z,"15km NE of Coso Junction, CA",earthquake,0.41,0.36,0.229, CA
601,2021-01-16T12:50:00.100Z,35.7883333,-117.60966670000002,7.13,0.8,ci39758960,2021-01-16T12:53:35.533Z,"19km W of Searles Valley, CA",earthquake,0.38,0.63,0.064, CA
602,2021-01-16T13:07:48.380Z,37.913166,-118.5408325,2.84,1.74,nc73512025,2021-01-16T13:09:26.310Z,"41km NNE of Toms Place, CA",earthquake,0.89,6.89,0.1, CA
604,2021-01-16T13:16:34.950Z,33.3403333,-116.2078333,4.0,0.57,ci39758968,2021-01-16T13:20:10.353Z,"17km SW of Oasis, CA",earthquake,0.61,1.65,0.065, CA
606,2021-01-16T13:54:02.900Z,38.7879982,-122.72450259999998,1.73,0.5,nc73512035,2021-01-16T13:55:41.384Z,"3km ENE of The Geysers, CA",earthquake,0.4,1.11,, CA
608,2021-01-16T14:18:09.630Z,32.7488333,-115.825,3.19,1.02,ci39758992,2021-01-16T14:21:47.272Z,"16km E of Ocotillo, CA",earthquake,0.45,0.9,0.203, CA
609,2021-01-16T14:26:56.170Z,33.6053333,-116.8035,6.15,0.33,ci39759000,2021-01-16T14:30:41.822Z,"13km WNW of Anza, CA",earthquake,0.33,0.51,0.103, CA
613,2021-01-16T15:48:46.530Z,38.8040009,-122.7399979,2.43,0.57,nc73512090,2021-01-16T15:58:04.069Z,"2km SW of Cobb, CA",earthquake,0.36,1.07,0.17, CA
617,2021-01-16T16:13:12.120Z,38.8380013,-122.8099976,1.95,1.3,nc73512100,2021-01-16T16:14:51.287Z,"8km WNW of Cobb, CA",earthquake,0.2,0.43,0.05, CA
618,2021-01-16T16:21:34.210Z,38.8375015,-122.81016540000002,1.87,1.18,nc73512115,2021-01-16T16:34:04.293Z,"8km WNW of Cobb, CA",earthquake,0.22,0.57,0.38, CA
622,2021-01-16T16:32:28.690Z,33.7693333,-116.86083329999998,24.02,0.72,ci39759048,2021-01-16T16:36:07.643Z,"4km NE of Valle Vista, CA",earthquake,1.11,1.05,0.229, CA
626,2021-01-16T17:10:20.830Z,37.9088326,-118.5401688,2.58,1.89,nc73512135,2021-01-16T17:19:21.457Z,"40km NNE of Toms Place, CA",earthquake,1.1,5.2,0.25, CA
629,2021-01-16T17:33:51.530Z,35.7935,-117.6038333,3.62,0.95,ci39759080,2021-01-16T17:37:27.015Z,"18km W of Searles Valley, CA",earthquake,0.38,0.61,0.122, CA
632,2021-01-16T17:47:16.570Z,35.772,-117.589,3.43,1.0,ci39759088,2021-01-16T17:50:50.097Z,"17km W of Searles Valley, CA",earthquake,0.4,1.07,0.147, CA
633,2021-01-16T18:01:20.920Z,38.8328323,-122.8180008,1.87,0.67,nc73512150,2021-01-16T18:02:56.495Z,"8km NW of The Geysers, CA",earthquake,0.3,0.67,0.08, CA
635,2021-01-16T18:18:23.830Z,32.7511667,-115.8345,2.74,1.17,ci39759096,2021-01-16T18:22:12.087Z,"15km E of Ocotillo, CA",earthquake,0.37,0.72,0.354, CA
636,2021-01-16T18:23:05.330Z,38.8230019,-122.7881699,1.59,0.78,nc73512155,2021-01-16T18:32:05.005Z,"6km W of Cobb, CA",earthquake,0.29,0.51,0.21, CA
639,2021-01-16T18:43:28.610Z,33.3741667,-115.5605,28.89,1.55,ci39759112,2021-01-16T18:47:34.414Z,"15km NNW of Niland, CA",earthquake,2.54,0.7,0.059, CA
640,2021-01-16T18:43:34.190Z,33.5405,-115.887,2.32,1.36,ci39759120,2021-01-16T18:47:50.415Z,"5km ENE of North Shore, CA",earthquake,0.49,0.91,0.171, CA
644,2021-01-16T19:12:34.150Z,35.801,-117.6315,6.38,1.25,ci39759136,2021-01-16T19:16:15.630Z,"20km NNE of Ridgecrest, CA",earthquake,0.19,0.45,0.131, CA
646,2021-01-16T19:17:22.590Z,37.9076653,-118.5309982,12.55,2.25,nc73512160,2021-01-16T19:23:24.738Z,"41km NNE of Toms Place, CA",earthquake,0.59,1.65,0.23, CA
650,2021-01-16T19:44:30.400Z,33.2385,-116.6665,9.58,1.16,ci39759144,2021-01-16T19:55:09.200Z,"6km SSW of Warner Springs, CA",earthquake,0.28,0.52,0.206, CA
654,2021-01-16T20:18:20.520Z,35.8806667,-117.7008333,7.93,0.64,ci39759176,2021-01-16T20:21:59.130Z,"20km ESE of Little Lake, CA",earthquake,0.27,0.8,0.079, CA
655,2021-01-16T20:27:49.330Z,33.464833299999995,-116.5626667,11.05,0.96,ci39759184,2021-01-16T20:31:27.200Z,"14km SE of Anza, CA",earthquake,0.25,0.52,0.21600000000000005, CA
657,2021-01-16T20:35:14.310Z,33.6083333,-116.805,6.42,0.56,ci39759192,2021-01-16T20:38:59.400Z,"14km WNW of Anza, CA",earthquake,0.32,0.59,0.191, CA
661,2021-01-16T21:13:38.930Z,38.79700089999999,-122.7253342,-0.55,0.15,nc73512170,2021-01-16T21:23:04.108Z,"3km S of Cobb, CA",earthquake,0.19,1.53,0.06, CA
662,2021-01-16T21:15:35.280Z,33.1438333,-115.9526667,1.16,0.95,ci39759216,2021-01-16T21:19:30.529Z,"17km E of Ocotillo Wells, CA",earthquake,2.3,31.61,0.17600000000000002, CA
663,2021-01-16T21:21:13.170Z,40.7011681,-123.4075012,31.77,2.26,nc73512175,2021-01-16T21:26:05.125Z,"25km NW of Hayfork, CA",earthquake,2.47,2.87,0.26, CA
664,2021-01-16T21:54:54.780Z,36.0471649,-120.6113358,6.79,0.91,nc73512180,2021-01-16T21:56:32.282Z,"23km NW of Parkfield, CA",earthquake,0.65,0.74,0.13, CA
665,2021-01-16T21:55:52.620Z,38.793499,-122.767334,2.92,0.88,nc73512185,2021-01-16T21:57:26.821Z,"2km NNW of The Geysers, CA",earthquake,0.28,0.58,0.17, CA
666,2021-01-16T22:08:30.510Z,38.7853317,-122.7363358,1.82,0.64,nc73512195,2021-01-16T22:10:07.070Z,"2km ENE of The Geysers, CA",earthquake,0.27,0.64,0.07, CA
667,2021-01-16T22:29:01.720Z,33.8,-116.07016670000002,7.28,2.26,ci39759224,2021-01-16T22:39:46.510Z,"16km ENE of Indio, CA",earthquake,0.21,0.72,0.14, CA
669,2021-01-16T22:53:06.210Z,35.6655,-117.5545,2.31,1.28,ci39759232,2021-01-16T22:56:52.131Z,"12km ENE of Ridgecrest, CA",earthquake,0.35,1.01,0.128, CA
681,2021-01-17T00:24:57.080Z,33.6035,-116.807,5.73,0.96,ci39759256,2021-01-17T00:28:44.321Z,"14km WNW of Anza, CA",earthquake,0.26,0.62,0.141, CA
682,2021-01-17T00:33:17.470Z,35.6396667,-117.4573333,6.49,0.79,ci39759264,2021-01-17T00:36:47.953Z,"15km SSW of Searles Valley, CA",earthquake,0.63,0.86,0.087, CA
683,2021-01-17T00:46:44.250Z,32.8121667,-115.4568333,8.47,1.8,ci39759280,2021-01-17T00:50:51.902Z,"7km W of Holtville, CA",earthquake,0.81,1.01,0.272, CA
684,2021-01-17T00:53:33.400Z,33.6083333,-116.7818333,10.93,0.72,ci39759288,2021-01-17T00:57:18.942Z,"12km WNW of Anza, CA",earthquake,1.19,2.21,0.37, CA
690,2021-01-17T01:27:48.990Z,32.7465,-115.826,7.73,1.01,ci39759312,2021-01-17T01:31:29.015Z,"16km E of Ocotillo, CA",earthquake,0.38,1.52,0.206, CA
691,2021-01-17T01:31:39.960Z,34.0908333,-116.84933329999998,1.78,1.59,ci39759320,2021-01-17T01:42:24.820Z,"18km SSE of Big Bear Lake, CA",earthquake,0.22,0.36,0.109, CA
692,2021-01-17T01:44:01.300Z,38.8338318,-122.8121643,1.92,0.56,nc73512230,2021-01-17T01:53:03.622Z,"8km W of Cobb, CA",earthquake,0.53,1.29,, CA
693,2021-01-17T01:51:43.220Z,40.6091652,-121.6633301,1.8,2.91,nc73512235,2021-01-17T01:56:08.645Z,"10km N of Viola, CA",earthquake,0.48,4.03,0.11, CA
694,2021-01-17T01:59:14.400Z,40.6208344,-121.6569977,1.32,2.25,nc73512245,2021-01-17T02:04:09.698Z,"12km N of Viola, CA",earthquake,0.99,3.36,0.14, CA
695,2021-01-17T02:01:15.800Z,33.187,-115.5943333,2.09,1.64,ci39759336,2021-01-17T02:05:04.388Z,"9km SW of Niland, CA",earthquake,0.37,0.4,0.208, CA
696,2021-01-17T02:48:30.920Z,33.187,-115.59933329999998,1.13,1.77,ci39759368,2021-01-17T02:52:42.099Z,"10km SW of Niland, CA",earthquake,0.42,31.61,0.193, CA
697,2021-01-17T02:49:08.800Z,36.18683239999999,-118.0950012,0.14,4.0,ci39759376,2021-01-17T02:54:51.485Z,"13km SW of Olancha, CA",earthquake,0.24,0.68,, CA
701,2021-01-17T02:53:12.640Z,36.1885,-118.09,0.31,2.44,ci39759384,2021-01-17T02:57:03.129Z,"13km SW of Olancha, CA",earthquake,0.33,1.09,0.184, CA
702,2021-01-17T02:57:52.100Z,36.1851667,-118.09166670000002,0.02,2.42,ci39759392,2021-01-17T03:08:47.930Z,"13km SW of Olancha, CA",earthquake,0.3,1.0,0.225, CA
703,2021-01-17T02:59:53.420Z,33.3628333,-116.92516670000002,4.57,1.84,ci39759400,2021-01-17T03:10:55.800Z,"6km W of Palomar Observatory, CA",earthquake,0.21,0.68,0.117, CA
704,2021-01-17T03:02:06.990Z,36.1948333,-118.0943333,2.7,1.78,ci39759408,2021-01-17T03:12:59.500Z,"12km SW of Olancha, CA",earthquake,0.4,2.14,0.251, CA
705,2021-01-17T03:10:59.360Z,36.19300000000001,-118.0956667,2.18,1.42,ci39759424,2021-01-17T03:14:41.351Z,"13km SW of Olancha, CA",earthquake,0.39,1.85,0.21600000000000005, CA
707,2021-01-17T03:14:49.460Z,36.18683239999999,-118.0970001,-1.39,3.79,ci39759432,2021-01-17T03:26:27.321Z,"13km SW of Olancha, CA",earthquake,0.23,0.62,, CA
708,2021-01-17T03:23:15.020Z,36.1958333,-118.08816670000002,-0.26,1.9,ci39759440,2021-01-17T03:27:06.150Z,"12km SW of Olancha, CA",earthquake,0.37,31.61,0.252, CA
709,2021-01-17T03:27:43.140Z,36.192,-118.0995,2.35,1.21,ci39759448,2021-01-17T03:31:27.180Z,"13km SW of Olancha, CA",earthquake,0.51,1.96,0.162, CA
710,2021-01-17T03:27:43.250Z,36.18983460000001,-118.0970001,3.0,1.24,ci39759448,2021-01-17T03:29:47.992Z,"13km SW of Olancha, CA",earthquake,0.67,2.63,0.275, CA
711,2021-01-17T03:30:32.430Z,36.190834,-118.0910034,0.49,3.24,ci39759456,2021-01-17T03:42:13.040Z,"13km SW of Olancha, CA",earthquake,0.22,0.58,0.255, CA
712,2021-01-17T03:31:46.560Z,36.192,-118.0871667,0.01,2.43,ci39759472,2021-01-17T03:42:19.360Z,"12km SW of Olancha, CA",earthquake,0.37,1.26,0.185, CA
713,2021-01-17T03:36:47.320Z,36.192,-118.0956667,-0.26,1.75,ci39759480,2021-01-17T03:40:35.236Z,"13km SW of Olancha, CA",earthquake,0.29,31.61,0.195, CA
714,2021-01-17T03:37:56.760Z,36.1971667,-118.0921667,6.57,1.21,ci39759488,2021-01-17T03:41:36.241Z,"12km SW of Olancha, CA",earthquake,0.51,31.61,0.2, CA
716,2021-01-17T03:40:04.400Z,36.1926667,-118.099,0.46,1.11,ci39759496,2021-01-17T03:43:38.111Z,"13km SW of Olancha, CA",earthquake,0.54,2.43,0.188, CA
717,2021-01-17T03:42:29.900Z,36.2001667,-118.0863333,-0.33,1.17,ci39759504,2021-01-17T03:46:27.271Z,"12km SW of Olancha, CA",earthquake,0.46,31.61,0.225, CA
718,2021-01-17T03:42:30.040Z,36.1969986,-118.0953369,-1.4,1.47,ci39759504,2021-01-17T03:44:41.261Z,"12km SW of Olancha, CA",earthquake,0.48,1.16,0.253, CA
721,2021-01-17T03:58:38.750Z,36.2011667,-118.0926667,-0.26,1.24,ci39759512,2021-01-17T04:02:32.004Z,"12km SW of Olancha, CA",earthquake,0.58,31.61,0.173, CA
722,2021-01-17T04:01:27.120Z,36.8681679,-121.6113358,7.85,4.15,nc73512355,2021-01-17T04:14:14.040Z,"4km SE of Aromas, CA",earthquake,0.19,0.48,, CA
723,2021-01-17T04:03:24.030Z,33.8035,-116.02433329999998,10.51,1.89,ci39759520,2021-01-17T04:07:20.410Z,"20km NE of Coachella, CA",earthquake,8.75,31.61,0.16899999999999998, CA
724,2021-01-17T04:04:36.330Z,36.8793335,-121.6188354,6.99,2.09,nc73512360,2021-01-17T04:06:13.726Z,"2km ESE of Aromas, CA",earthquake,0.28,0.62,0.21, CA
725,2021-01-17T04:06:03.970Z,36.8658333,-121.6080017,7.1,2.99,nc73512365,2021-01-17T04:11:12.878Z,"4km SE of Aromas, CA",earthquake,0.2,0.52,0.15, CA
726,2021-01-17T04:09:01.230Z,38.7915001,-122.7383347,1.25,1.11,nc73512370,2021-01-17T04:10:38.054Z,"2km NE of The Geysers, CA",earthquake,0.23,0.36,0.28, CA
727,2021-01-17T04:14:10.850Z,36.8653336,-121.6048355,8.12,2.02,nc73512375,2021-01-17T04:27:05.662Z,"4km SE of Aromas, CA",earthquake,0.31,0.68,0.16, CA
729,2021-01-17T04:17:14.020Z,36.8831673,-121.6259995,7.23,1.62,nc73512380,2021-01-17T04:18:52.399Z,"2km ESE of Aromas, CA",earthquake,0.37,0.7,0.19, CA
734,2021-01-17T04:21:07.830Z,33.9465,-116.9273333,14.41,1.03,ci39759552,2021-01-17T04:24:57.306Z,"5km ENE of Beaumont, CA",earthquake,0.99,1.94,0.262, CA
736,2021-01-17T04:22:56.050Z,36.8643341,-121.6026688,6.77,1.44,nc73512385,2021-01-17T04:24:32.782Z,"4km SE of Aromas, CA",earthquake,0.39,0.78,0.21, CA
737,2021-01-17T04:26:38.420Z,36.1911659,-118.0983353,-1.39,1.26,ci39759568,2021-01-17T04:28:43.373Z,"13km SW of Olancha, CA",earthquake,0.79,1.7,0.207, CA
738,2021-01-17T04:26:38.570Z,36.187,-118.0996667,-0.67,1.13,ci39759568,2021-01-17T04:30:17.704Z,"14km SW of Olancha, CA",earthquake,0.34,31.61,0.151, CA
740,2021-01-17T04:37:20.060Z,36.1891667,-118.10316670000002,-0.33,1.03,ci39759576,2021-01-17T04:41:21.189Z,"14km SW of Olancha, CA",earthquake,0.6,31.61,0.079, CA
744,2021-01-17T05:22:25.000Z,36.1941667,-118.096,-0.26,1.54,ci39759600,2021-01-17T05:26:06.729Z,"13km SW of Olancha, CA",earthquake,0.39,31.61,0.208, CA
746,2021-01-17T05:31:52.220Z,35.4221667,-118.227,0.27,1.56,ci39759608,2021-01-17T05:35:41.636Z,"30km SE of Bodfish, CA",earthquake,0.27,31.61,0.196, CA
748,2021-01-17T05:37:23.610Z,34.3276667,-118.4626667,9.67,1.28,ci39759616,2021-01-17T05:41:14.216Z,"3km NNW of Sylmar, CA",earthquake,0.45,0.82,0.16699999999999998, CA
749,2021-01-17T05:43:25.870Z,35.8098333,-117.6341667,6.86,0.53,ci39759624,2021-01-17T05:47:06.714Z,"21km WNW of Searles Valley, CA",earthquake,0.73,0.95,0.114, CA
750,2021-01-17T05:44:43.940Z,34.0893333,-116.851,1.41,0.69,ci39759632,2021-01-17T05:48:21.718Z,"18km SSE of Big Bear Lake, CA",earthquake,0.28,0.37,0.142, CA
753,2021-01-17T05:51:44.210Z,34.443000000000005,-119.2946667,5.77,1.57,ci39759640,2021-01-17T05:55:23.795Z,"5km W of Ojai, CA",earthquake,0.54,1.21,0.16399999999999998, CA
755,2021-01-17T05:57:35.740Z,38.8168335,-122.8266678,1.77,0.56,nc73512425,2021-01-17T05:59:12.671Z,"8km NW of The Geysers, CA",earthquake,0.46,1.29,, CA
756,2021-01-17T05:58:39.030Z,35.8873333,-117.6881667,9.42,0.19,ci39759648,2021-01-17T06:03:10.480Z,"20km ESE of Little Lake, CA",earthquake,0.23,0.87,0.065, CA
759,2021-01-17T06:03:25.190Z,38.7524986,-122.7220001,0.6,0.7,nc73512435,2021-01-17T06:05:03.249Z,"4km SW of Anderson Springs, CA",earthquake,0.3,0.45,0.14, CA
764,2021-01-17T06:25:17.340Z,40.4161682,-125.2608337,4.33,4.36,nc73512440,2021-01-17T06:29:55.779Z,"83km W of Petrolia, CA",earthquake,5.41,18.55,0.422, CA
765,2021-01-17T06:32:03.130Z,33.587166700000004,-116.8096667,6.17,0.27,ci39759656,2021-01-17T06:35:46.033Z,"13km WNW of Anza, CA",earthquake,0.58,0.37,0.225, CA
767,2021-01-17T07:06:01.580Z,36.2005,-118.08433329999998,2.86,1.31,ci39759664,2021-01-17T07:09:46.287Z,"12km SW of Olancha, CA",earthquake,0.54,2.48,0.177, CA
768,2021-01-17T07:28:09.210Z,32.7968333,-115.4568333,7.96,1.6,ci39759672,2021-01-17T07:31:59.391Z,"7km WSW of Holtville, CA",earthquake,0.44,0.55,0.183, CA
769,2021-01-17T07:29:16.980Z,35.675,-117.4633333,11.24,0.91,ci39759680,2021-01-17T07:32:47.624Z,"12km SSW of Searles Valley, CA",earthquake,0.62,0.8,0.21600000000000005, CA
770,2021-01-17T07:34:01.180Z,38.7630005,-122.7164993,1.66,0.94,nc73512450,2021-01-17T07:43:05.724Z,"2km WSW of Anderson Springs, CA",earthquake,0.4,0.31,0.18, CA
772,2021-01-17T07:38:14.980Z,33.5956667,-116.8055,7.02,0.48,ci39759688,2021-01-17T07:41:54.443Z,"13km WNW of Anza, CA",earthquake,0.37,0.67,0.135, CA
773,2021-01-17T07:40:26.660Z,33.2868333,-115.6655,1.12,1.28,ci39759696,2021-01-17T07:44:11.048Z,"9km SE of Bombay Beach, CA",earthquake,0.79,31.61,0.17, CA
779,2021-01-17T08:25:39.950Z,32.7488333,-115.388,13.01,1.39,ci39759720,2021-01-17T08:29:29.792Z,"7km S of Holtville, CA",earthquake,0.64,0.86,0.16399999999999998, CA
787,2021-01-17T08:43:08.530Z,33.2786667,-116.00166670000002,1.78,1.1,ci39759728,2021-01-17T08:46:52.908Z,"5km WSW of Salton City, CA",earthquake,0.34,1.02,0.092, CA
788,2021-01-17T08:43:08.730Z,33.2758331,-115.995163,4.19,1.18,ci39759728,2021-01-17T08:45:14.085Z,"4km SW of Salton City, CA",earthquake,0.44,1.79,0.46, CA
789,2021-01-17T08:48:56.840Z,36.1915,-118.08983329999998,2.52,1.02,ci39759736,2021-01-17T08:52:39.954Z,"13km SW of Olancha, CA",earthquake,0.6,2.77,0.256, CA
790,2021-01-17T09:02:50.230Z,36.1901667,-118.0906667,-0.26,1.66,ci39759744,2021-01-17T09:06:36.026Z,"13km SW of Olancha, CA",earthquake,0.29,31.61,0.17800000000000002, CA
791,2021-01-17T09:07:44.010Z,36.1986667,-118.08866670000002,4.3,1.54,ci39759752,2021-01-17T09:11:42.058Z,"12km SW of Olancha, CA",earthquake,0.38,3.19,0.201, CA
795,2021-01-17T09:27:28.350Z,36.19,-118.0985,-0.26,1.35,ci39759760,2021-01-17T09:31:21.179Z,"13km SW of Olancha, CA",earthquake,0.4,31.61,0.163, CA
796,2021-01-17T09:27:28.440Z,36.1915016,-118.100502,1.13,1.67,ci39759760,2021-01-17T09:29:46.169Z,"13km SW of Olancha, CA",earthquake,0.36,1.65,0.244, CA
797,2021-01-17T09:28:15.340Z,32.9643333,-116.2518333,9.5,1.02,ci39759768,2021-01-17T09:32:00.823Z,"23km SSW of Ocotillo Wells, CA",earthquake,0.32,0.85,0.117, CA
798,2021-01-17T09:29:53.920Z,34.2391667,-117.4545,10.58,1.25,ci39759776,2021-01-17T09:33:41.193Z,"5km ESE of Lytle Creek, CA",earthquake,0.28,0.55,0.16899999999999998, CA
803,2021-01-17T09:51:49.650Z,38.8133316,-122.8078308,1.82,0.52,nc73512495,2021-01-17T09:53:24.762Z,"6km NW of The Geysers, CA",earthquake,0.28,0.8,0.28, CA
814,2021-01-17T10:23:29.720Z,33.931,-116.7465,15.23,0.67,ci39759784,2021-01-17T10:27:09.529Z,"4km ENE of Cabazon, CA",earthquake,0.39,0.83,0.175, CA
816,2021-01-17T10:35:21.890Z,38.7976685,-122.7483368,1.83,0.89,nc73512510,2021-01-17T10:36:59.012Z,"2km NNE of The Geysers, CA",earthquake,0.54,0.8,, CA
817,2021-01-17T10:51:53.070Z,38.7784996,-122.7273331,1.5,1.08,nc73512515,2021-01-17T10:53:29.886Z,"2km E of The Geysers, CA",earthquake,0.26,0.53,0.12, CA
818,2021-01-17T10:58:01.040Z,35.6638333,-117.49066670000002,4.71,2.06,ci39759800,2021-01-17T11:09:01.540Z,"14km SW of Searles Valley, CA",earthquake,0.29,0.81,0.106, CA
819,2021-01-17T11:00:31.530Z,33.9536667,-116.801,0.08,0.5,ci39759808,2021-01-17T11:04:25.802Z,"4km NNW of Cabazon, CA",earthquake,0.82,31.61,0.14800000000000002, CA
820,2021-01-17T11:12:28.260Z,36.8601685,-121.6044998,6.81,1.42,nc73512525,2021-01-17T11:14:04.453Z,"5km SE of Aromas, CA",earthquake,0.44,0.86,0.2, CA
821,2021-01-17T11:16:25.870Z,38.7784996,-122.7458344,-0.08,1.67,nc73512530,2021-01-17T11:28:05.004Z,"1km E of The Geysers, CA",earthquake,0.2,0.34,0.24, CA
822,2021-01-17T11:17:45.280Z,33.5746667,-116.6351667,14.25,0.72,ci39759816,2021-01-17T11:21:27.918Z,"4km ENE of Anza, CA",earthquake,0.23,0.37,0.138, CA
829,2021-01-17T11:52:30.660Z,36.1968333,-118.093,2.76,1.36,ci39759840,2021-01-17T11:56:07.270Z,"12km SW of Olancha, CA",earthquake,0.34,1.95,0.153, CA
834,2021-01-17T12:21:28.570Z,35.8695,-117.701,8.22,0.86,ci39759848,2021-01-17T12:25:14.666Z,"20km ESE of Little Lake, CA",earthquake,0.26,0.65,0.207, CA
839,2021-01-17T12:32:35.600Z,38.8330002,-122.8183365,1.27,0.56,nc73512555,2021-01-17T12:43:06.473Z,"8km NW of The Geysers, CA",earthquake,0.28,0.8,, CA
841,2021-01-17T13:07:38.500Z,32.7486667,-115.825,4.41,1.29,ci39759864,2021-01-17T13:11:09.954Z,"16km E of Ocotillo, CA",earthquake,0.4,1.62,0.206, CA
844,2021-01-17T13:23:45.320Z,38.8271675,-122.8134995,2.1,0.7,nc73512570,2021-01-17T13:25:24.854Z,"7km NW of The Geysers, CA",earthquake,0.2,0.54,0.14, CA
845,2021-01-17T13:28:21.890Z,34.52650070000001,-118.91449740000002,1.16,1.87,ci39759872,2021-01-17T13:30:51.076Z,"14km N of Fillmore, CA",earthquake,0.71,1.11,0.14300000000000002, CA
846,2021-01-17T13:28:22.590Z,34.563,-118.8915,0.52,1.57,ci39759872,2021-01-17T13:32:08.084Z,"18km N of Fillmore, CA",earthquake,0.57,1.0,0.166, CA
849,2021-01-17T13:33:14.290Z,35.9911652,-120.8939972,7.57,2.1,nc73512575,2021-01-17T13:38:05.804Z,"3km SSE of San Ardo, CA",earthquake,0.44,0.6,0.21, CA
850,2021-01-17T13:34:16.980Z,35.668,-117.5516667,8.6,1.3,ci39759904,2021-01-17T13:38:03.152Z,"12km ENE of Ridgecrest, CA",earthquake,0.38,1.3,0.123, CA
851,2021-01-17T13:34:45.520Z,35.9968338,-120.8871689,7.1,1.38,nc73512580,2021-01-17T13:44:05.836Z,"3km SSE of San Ardo, CA",earthquake,2.29,0.69,0.16, CA
856,2021-01-17T14:00:03.000Z,32.893,-115.7758333,8.55,1.64,ci39759920,2021-01-17T14:10:40.910Z,"20km WNW of Imperial, CA",earthquake,0.33,0.8,0.193, CA
858,2021-01-17T14:09:55.690Z,38.8235016,-122.8619995,2.81,0.15,nc73512590,2021-01-17T14:11:35.200Z,"10km WNW of The Geysers, CA",earthquake,0.26,0.56,0.09, CA
861,2021-01-17T14:45:46.480Z,35.66133329999999,-117.4775,3.91,0.79,ci39759928,2021-01-17T14:49:12.687Z,"14km SSW of Searles Valley, CA",earthquake,0.54,0.98,0.16399999999999998, CA
863,2021-01-17T15:17:52.300Z,38.8328323,-122.7993317,1.25,0.88,nc73512610,2021-01-17T15:27:07.417Z,"7km W of Cobb, CA",earthquake,0.31,0.84,, CA
867,2021-01-17T15:34:29.790Z,33.8035,-117.646,6.79,1.52,ci39759944,2021-01-17T15:45:06.490Z,"10km SW of Corona, CA",earthquake,0.23,0.54,0.153, CA
868,2021-01-17T15:37:34.160Z,33.9751667,-116.8376667,16.13,1.06,ci39759952,2021-01-17T15:41:20.084Z,"7km NNE of Banning, CA",earthquake,0.39,1.08,0.16699999999999998, CA
869,2021-01-17T15:38:23.870Z,33.9728333,-116.8541667,21.18,1.17,ci39759960,2021-01-17T15:42:05.087Z,"6km NNE of Banning, CA",earthquake,0.44,0.89,0.145, CA
872,2021-01-17T15:43:26.880Z,33.970665000000004,-117.5074997,18.79,1.23,ci39759968,2021-01-17T15:45:45.138Z,"3km SSE of Mira Loma, CA",earthquake,1.18,1.57,0.5429999999999999, CA
873,2021-01-17T15:43:27.040Z,33.9876667,-117.51,18.57,1.39,ci39759968,2021-01-17T15:47:20.968Z,"1km SE of Mira Loma, CA",earthquake,1.38,1.59,0.219, CA
874,2021-01-17T15:45:52.780Z,38.833168,-122.8176651,2.01,0.56,nc73512615,2021-01-17T15:55:07.559Z,"8km NW of The Geysers, CA",earthquake,0.32,0.91,, CA
880,2021-01-17T16:08:28.740Z,33.0473333,-115.5795,4.4,1.19,ci39759976,2021-01-17T16:12:02.051Z,"4km ENE of Westmorland, CA",earthquake,0.46,0.54,0.14, CA
882,2021-01-17T16:13:37.920Z,38.8149986,-122.8271637,1.57,0.56,nc73512625,2021-01-17T16:15:14.874Z,"7km NW of The Geysers, CA",earthquake,0.41,0.97,, CA
886,2021-01-17T16:59:48.710Z,33.034,-116.4285,7.12,1.0,ci39760000,2021-01-17T17:03:33.696Z,"17km ESE of Julian, CA",earthquake,0.37,2.42,0.21, CA
888,2021-01-17T17:15:00.150Z,33.650833299999995,-116.7005,13.22,0.62,ci39760008,2021-01-17T17:18:41.759Z,"10km S of Idyllwild, CA",earthquake,0.29,0.52,0.211, CA
896,2021-01-17T18:04:35.860Z,33.468,-116.79416670000002,11.01,0.72,ci39760024,2021-01-17T18:08:23.791Z,"7km ENE of Aguanga, CA",earthquake,1.01,3.32,0.218, CA
897,2021-01-17T18:11:14.190Z,33.5998333,-116.796,5.25,0.48,ci39760032,2021-01-17T18:14:57.702Z,"12km WNW of Anza, CA",earthquake,0.53,0.75,0.222, CA
905,2021-01-17T18:58:29.680Z,38.8273315,-122.814003,2.16,0.7,nc73512640,2021-01-17T19:08:05.656Z,"8km NW of The Geysers, CA",earthquake,0.24,0.52,0.18, CA
910,2021-01-17T19:39:48.980Z,34.104,-116.6161667,1.49,1.04,ci39760048,2021-01-17T19:43:26.646Z,"7km NNW of Morongo Valley, CA",earthquake,0.47,0.81,0.129, CA
921,2021-01-17T20:41:11.360Z,32.7885,-115.45716670000002,8.33,1.99,ci39760072,2021-01-17T20:45:05.033Z,"8km WSW of Holtville, CA",earthquake,0.48,1.17,0.161, CA
923,2021-01-17T20:51:13.340Z,32.7443333,-115.8153333,8.56,1.22,ci39760080,2021-01-17T20:54:53.098Z,"17km E of Ocotillo, CA",earthquake,0.38,2.17,0.297, CA
925,2021-01-17T21:14:55.210Z,38.8196678,-122.7641678,1.58,0.54,nc73512675,2021-01-17T21:16:30.081Z,"4km W of Cobb, CA",earthquake,0.44,0.61,0.03, CA
927,2021-01-17T21:18:57.030Z,38.7896652,-122.7614975,0.44,1.01,nc73512680,2021-01-17T21:20:34.948Z,"1km NNW of The Geysers, CA",earthquake,0.26,0.49,0.23, CA
928,2021-01-17T21:19:48.060Z,38.788166,-122.7681656,2.19,0.78,nc73512685,2021-01-17T21:21:24.876Z,"2km NW of The Geysers, CA",earthquake,0.29,0.57,0.1, CA
930,2021-01-17T21:37:52.650Z,39.5553322,-123.3336639,8.57,1.68,nc73512695,2021-01-17T21:48:05.750Z,"13km NNE of Brooktrails, CA",earthquake,0.33,0.92,0.2, CA
935,2021-01-17T22:19:39.720Z,33.223833299999995,-116.735,10.22,0.79,ci39760120,2021-01-17T22:23:26.663Z,"3km SE of Lake Henshaw, CA",earthquake,0.34,0.6,0.133, CA
937,2021-01-17T22:53:09.600Z,36.0065,-117.3625,2.34,1.19,ci39760144,2021-01-17T22:56:47.036Z,"27km N of Searles Valley, CA",earthquake,0.46,0.63,0.222, CA
938,2021-01-17T22:53:47.540Z,38.8354988,-122.7570038,0.73,0.4,nc73512705,2021-01-17T22:55:24.923Z,"3km WNW of Cobb, CA",earthquake,0.48,0.58,0.17, CA
943,2021-01-17T22:57:11.200Z,38.8354988,-122.7578354,0.52,0.89,nc73512710,2021-01-17T23:11:06.318Z,"3km WNW of Cobb, CA",earthquake,0.38,0.62,0.21, CA
955,2021-01-17T23:08:16.490Z,38.833168,-122.8160019,1.56,0.9,nc73512715,2021-01-17T23:09:55.643Z,"8km NW of The Geysers, CA",earthquake,0.18,0.32,0.11, CA
959,2021-01-17T23:10:17.200Z,38.8353348,-122.8183365,0.9,0.56,nc73512720,2021-01-17T23:11:54.839Z,"8km W of Cobb, CA",earthquake,0.34,0.97,, CA
960,2021-01-17T23:10:31.160Z,38.8338318,-122.7561646,0.25,1.96,nc73512725,2021-01-17T23:12:09.945Z,"3km WNW of Cobb, CA",earthquake,0.19,0.41,0.09, CA
961,2021-01-17T23:12:37.660Z,38.82433320000001,-122.7805023,1.74,0.85,nc73512730,2021-01-17T23:14:15.185Z,"5km W of Cobb, CA",earthquake,0.21,0.38,0.14, CA
964,2021-01-17T23:17:05.760Z,33.0446667,-116.0206667,2.54,1.53,ci39760152,2021-01-17T23:20:51.044Z,"15km SE of Ocotillo Wells, CA",earthquake,0.28,0.77,0.201, CA
984,2021-01-17T23:41:58.620Z,36.02349849999999,-120.5876694,0.35,0.53,nc73512735,2021-01-17T23:51:06.532Z,"20km NW of Parkfield, CA",earthquake,0.46,1.95,0.17, CA
995,2021-01-18T00:09:24.570Z,39.0175018,-123.0800018,-0.65,2.44,nc73512740,2021-01-18T00:30:15.779Z,"14km W of Lakeport, CA",earthquake,0.47,3.59,0.13, CA
997,2021-01-18T00:25:15.370Z,39.020668,-123.0661697,10.02,1.87,nc73512745,2021-01-18T00:37:06.837Z,"13km W of Lakeport, CA",earthquake,0.48,3.42,0.22, CA
998,2021-01-18T00:27:29.620Z,35.0335,-117.6666667,0.28,1.28,ci39760168,2021-01-18T00:31:32.125Z,"4km NNW of Boron, CA",quarry blast,0.68,31.61,0.09, CA
1003,2021-01-18T00:49:07.890Z,38.78900150000001,-122.7323303,2.02,0.15,nc73512750,2021-01-18T00:50:45.403Z,"2km ENE of The Geysers, CA",earthquake,0.4,1.02,0.07, CA
1007,2021-01-18T00:52:38.500Z,33.5985,-116.8075,6.56,0.31,ci39760200,2021-01-18T00:58:49.994Z,"13km WNW of Anza, CA",earthquake,0.41,0.5,0.23, CA
1010,2021-01-18T00:59:12.160Z,38.840332,-122.8766632,2.46,0.34,nc73512755,2021-01-18T01:09:07.078Z,"13km NW of The Geysers, CA",earthquake,0.32,0.57,0.25, CA
1012,2021-01-18T01:01:00.890Z,35.9843333,-117.4693333,2.19,0.56,ci39760216,2021-01-18T01:04:31.441Z,"25km NNW of Searles Valley, CA",earthquake,0.47,0.35,0.118, CA
1013,2021-01-18T01:04:00.910Z,33.9655,-117.2575,19.03,0.89,ci39760224,2021-01-18T01:07:50.012Z,"5km NNW of Moreno Valley, CA",earthquake,1.2,0.9,0.168, CA
1017,2021-01-18T01:12:47.910Z,39.0213318,-123.08116909999998,-0.16,2.91,nc73512770,2021-01-18T01:36:05.731Z,"14km W of Lakeport, CA",earthquake,0.56,4.63,0.14, CA
1025,2021-01-18T02:08:44.490Z,33.4841667,-116.4725,13.02,1.11,ci39760264,2021-01-18T02:19:08.210Z,"20km ESE of Anza, CA",earthquake,0.27,0.49,0.118, CA
1028,2021-01-18T02:18:11.400Z,33.9391667,-117.3023333,5.02,0.57,ci39760272,2021-01-18T02:21:57.348Z,"6km NW of March Air Reserve Base, CA",earthquake,1.13,2.14,0.18, CA
1029,2021-01-18T02:32:18.980Z,35.90833329999999,-117.679,9.46,0.64,ci39760280,2021-01-18T02:35:53.644Z,"21km E of Little Lake, CA",earthquake,0.19,0.5,0.187, CA
1030,2021-01-18T02:43:57.850Z,40.5961685,-121.8178329,3.42,1.78,nc73512780,2021-01-18T02:45:35.432Z,"13km NNE of Shingletown, CA",earthquake,1.02,4.32,0.13, CA
1032,2021-01-18T02:50:29.200Z,36.1275,-117.9158333,3.26,1.57,ci39760288,2021-01-18T03:01:18.970Z,"10km NNE of Coso Junction, CA",earthquake,0.29,0.72,0.192, CA
1033,2021-01-18T02:54:46.550Z,35.7703333,-117.618,1.28,1.56,ci39760304,2021-01-18T02:58:38.749Z,"17km NNE of Ridgecrest, CA",earthquake,0.27,0.41,0.101, CA
1036,2021-01-18T03:08:57.390Z,38.83499910000001,-122.7850037,1.9,1.31,nc73512785,2021-01-18T03:10:35.886Z,"6km WNW of Cobb, CA",earthquake,0.6,1.06,0.01, CA
1042,2021-01-18T04:25:53.290Z,33.9838333,-116.8045,17.51,0.88,ci39760328,2021-01-18T04:29:30.928Z,"8km NNW of Cabazon, CA",earthquake,0.26,0.71,0.147, CA
1043,2021-01-18T04:32:44.710Z,35.6956673,-120.9941635,7.12,1.81,nc73512795,2021-01-18T05:19:06.461Z,"11km WSW of Lake Nacimiento, CA",earthquake,0.81,3.59,0.25, CA
1044,2021-01-18T04:43:45.290Z,34.0526667,-116.639,12.09,1.68,ci39760344,2021-01-18T04:47:37.815Z,"5km W of Morongo Valley, CA",earthquake,0.24,0.58,0.131, CA
1049,2021-01-18T05:03:31.450Z,38.8301659,-122.8066635,1.74,0.56,nc73512805,2021-01-18T05:15:07.434Z,"7km W of Cobb, CA",earthquake,0.31,0.83,, CA
1050,2021-01-18T06:32:31.350Z,38.7623329,-122.7336655,0.97,0.92,nc73512825,2021-01-18T06:43:06.951Z,"3km SE of The Geysers, CA",earthquake,0.29,0.36,0.16, CA
1051,2021-01-18T06:37:15.300Z,33.2605,-116.2408333,5.53,0.74,ci39760384,2021-01-18T06:40:50.478Z,"12km E of Borrego Springs, CA",earthquake,0.35,0.76,0.139, CA
1052,2021-01-18T06:49:04.920Z,38.8338318,-122.8170013,1.32,0.35,nc73512830,2021-01-18T07:11:40.402Z,"8km NW of The Geysers, CA",earthquake,0.31,1.41,, CA
1057,2021-01-18T07:03:10.160Z,35.7401667,-117.5328333,7.69,0.65,ci39760400,2021-01-18T07:06:36.646Z,"12km WSW of Searles Valley, CA",earthquake,0.53,1.37,0.16899999999999998, CA
1059,2021-01-18T07:10:02.570Z,36.595665,-121.0653305,9.28,1.7,nc73512840,2021-01-18T07:20:06.149Z,"10km NE of Pinnacles, CA",earthquake,0.5,0.79,0.21, CA
1060,2021-01-18T07:14:04.990Z,34.5935,-118.8808333,-0.23,1.39,ci39760408,2021-01-18T07:17:56.729Z,"21km NNW of Piru, CA",earthquake,0.5,31.61,0.189, CA
1061,2021-01-18T07:14:56.170Z,38.8398323,-122.8756638,2.55,0.59,nc73512845,2021-01-18T07:16:35.096Z,"12km NW of The Geysers, CA",earthquake,0.28,0.82,, CA
1062,2021-01-18T08:26:21.240Z,36.126,-117.9183333,5.07,1.13,ci39760432,2021-01-18T08:30:08.279Z,"9km NNE of Coso Junction, CA",earthquake,0.47,0.97,0.22, CA
1063,2021-01-18T08:26:36.510Z,36.1246667,-117.9125,5.09,1.58,ci39760440,2021-01-18T08:30:25.279Z,"9km NNE of Coso Junction, CA",earthquake,0.32,0.7,0.218, CA
1067,2021-01-18T08:46:13.280Z,36.1295,-117.90666670000002,5.29,1.32,ci39760448,2021-01-18T08:49:46.380Z,"10km NNE of Coso Junction, CA",earthquake,0.45,0.85,0.211, CA
1068,2021-01-18T09:01:37.600Z,37.3613319,-122.1348343,4.65,2.24,nc73512880,2021-01-18T09:13:08.788Z,"2km S of Los Altos Hills, CA",earthquake,0.28,0.39,0.13, CA
1071,2021-01-18T09:09:22.700Z,38.841835,-122.841835,2.23,0.58,nc73512890,2021-01-18T09:11:00.460Z,"10km NW of The Geysers, CA",earthquake,0.53,0.87,, CA
1074,2021-01-18T09:23:12.380Z,37.9116669,-118.5406647,2.86,1.77,nc73512900,2021-01-18T09:24:49.887Z,"41km NNE of Toms Place, CA",earthquake,0.84,7.03,0.27, CA
1076,2021-01-18T09:32:02.550Z,33.6591667,-116.7145,16.89,1.1,ci39760456,2021-01-18T09:43:03.120Z,"9km S of Idyllwild, CA",earthquake,0.24,0.45,0.228, CA
1079,2021-01-18T09:41:59.790Z,36.04133220000001,-121.0319977,9.26,1.06,nc73512905,2021-01-18T09:43:35.294Z,"10km S of San Lucas, CA",earthquake,0.92,0.84,0.39, CA
1081,2021-01-18T10:05:46.460Z,33.645166700000004,-116.7973333,12.27,0.38,ci39760464,2021-01-18T10:09:30.892Z,"13km SW of Idyllwild, CA",earthquake,0.37,0.61,0.166, CA
1082,2021-01-18T10:06:05.570Z,36.62116620000001,-121.2741699,13.4,1.71,nc73512915,2021-01-18T10:13:55.274Z,"15km NW of Pinnacles, CA",earthquake,0.96,1.28,0.2, CA
1084,2021-01-18T10:13:03.680Z,33.2511667,-116.3053333,10.17,1.48,ci39760480,2021-01-18T10:17:07.966Z,"6km E of Borrego Springs, CA",earthquake,0.23,0.47,0.196, CA
1086,2021-01-18T10:27:07.270Z,35.8593333,-117.692,3.65,0.7,ci39760488,2021-01-18T10:30:54.605Z,"21km ESE of Little Lake, CA",earthquake,0.35,1.33,0.123, CA
1094,2021-01-18T10:58:56.150Z,33.5971667,-116.8005,6.19,0.3,ci39760496,2021-01-18T11:02:34.634Z,"13km WNW of Anza, CA",earthquake,0.27,0.5,0.128, CA
1096,2021-01-18T11:12:29.350Z,35.6141667,-117.3885,7.83,0.79,ci39760504,2021-01-18T11:16:13.309Z,"17km S of Trona, CA",earthquake,0.63,0.86,0.079, CA
1097,2021-01-18T11:12:29.380Z,35.60950089999999,-117.3973312,7.79,1.11,ci39760504,2021-01-18T11:14:34.141Z,"17km S of Trona, CA",earthquake,0.49,0.85,0.279, CA
1106,2021-01-19T16:48:38.870Z,32.8098333,-115.684,5.98,2.04,ci39761136,2021-01-19T16:52:34.668Z,"12km WSW of Imperial, CA",earthquake,0.37,1.18,0.279, CA
1109,2021-01-19T17:56:00.680Z,37.4980011,-118.8988342,13.59,1.91,nc73513430,2021-01-19T17:59:18.615Z,"17km SSE of Mammoth Lakes, CA",earthquake,0.32,1.07,0.21, CA
1110,2021-01-19T18:52:30.250Z,33.9135,-117.68116670000002,15.29,1.33,ci39761928,2021-01-19T18:56:18.545Z,"11km S of Chino, CA",earthquake,0.55,1.0,0.345, CA
1111,2021-01-19T18:54:32.920Z,38.8095016,-122.7931671,2.49,1.61,nc73513445,2021-01-19T19:04:06.051Z,"5km NW of The Geysers, CA",earthquake,0.44,0.66,0.18, CA
1115,2021-01-19T19:51:21.550Z,35.90083329999999,-117.67683329999998,2.83,1.19,ci39762072,2021-01-19T19:55:08.781Z,"21km E of Little Lake, CA",earthquake,0.46,1.92,0.134, CA
1132,2021-01-19T23:16:19.220Z,33.2938333,-116.2806667,4.4,1.83,ci39762248,2021-01-19T23:20:16.331Z,"10km ENE of Borrego Springs, CA",earthquake,0.28,0.93,0.139, CA
1137,2021-01-20T00:14:44.680Z,32.7451667,-115.8255,8.58,1.25,ci39762264,2021-01-20T00:18:32.088Z,"16km E of Ocotillo, CA",earthquake,0.52,2.05,0.234, CA
1139,2021-01-20T00:18:51.380Z,35.7993317,-117.6214981,6.28,2.59,ci39762272,2021-01-20T00:20:57.995Z,"20km W of Searles Valley, CA",earthquake,0.25,0.77,0.212, CA
1140,2021-01-20T00:18:51.420Z,35.797,-117.62716670000002,5.91,2.59,ci39762272,2021-01-20T00:29:57.400Z,"20km NNE of Ridgecrest, CA",earthquake,0.24,0.62,0.115, CA
1141,2021-01-20T00:22:24.450Z,40.4623333,-121.6201667,18.16,1.1,nc73513570,2021-01-20T00:48:26.821Z,"8km SE of Viola, CA",earthquake,1.15,0.99,0.227, CA
1142,2021-01-20T00:31:03.810Z,35.034,-117.68,0.26,1.71,ci39762280,2021-01-20T00:35:23.788Z,"5km NW of Boron, CA",quarry blast,0.54,31.61,0.106, CA
1145,2021-01-20T00:35:52.040Z,37.5891667,-119.00983329999998,1.99,0.4,nc73513580,2021-01-20T01:05:06.144Z,"6km SSW of Mammoth Lakes, CA",earthquake,0.53,0.4,0.134, CA
1148,2021-01-20T01:08:12.070Z,37.5745,-118.8601667,2.71,0.46,nc73513590,2021-01-20T01:20:03.342Z,"13km ESE of Mammoth Lakes, CA",earthquake,1.36,1.09,0.102, CA
1151,2021-01-20T01:30:00.610Z,36.8806648,-121.6146698,6.57,1.95,nc73513600,2021-01-20T01:31:38.967Z,"3km ESE of Aromas, CA",earthquake,0.27,0.65,0.26, CA
1157,2021-01-20T01:57:31.190Z,38.78766629999999,-122.7666702,2.61,0.56,nc73513610,2021-01-20T01:59:07.059Z,"2km NW of The Geysers, CA",earthquake,0.43,1.36,, CA
1158,2021-01-20T01:58:23.890Z,35.9523333,-117.4645,2.65,1.74,ci39762296,2021-01-20T02:02:18.379Z,"21km NNW of Searles Valley, CA",earthquake,0.33,1.34,0.12, CA
1163,2021-01-20T02:30:57.360Z,33.2426667,-116.6651667,8.6,1.28,ci39762312,2021-01-20T02:34:38.576Z,"5km SSW of Warner Springs, CA",earthquake,0.23,0.52,0.173, CA
1168,2021-01-20T02:43:08.040Z,35.711834,-121.0251694,4.05,1.84,nc73513635,2021-01-20T02:44:47.266Z,"13km W of Lake Nacimiento, CA",earthquake,0.49,1.79,0.33, CA
1169,2021-01-20T02:43:39.200Z,38.8238335,-122.7901688,2.43,0.55,nc73513640,2021-01-20T02:45:16.238Z,"6km W of Cobb, CA",earthquake,0.42,1.22,, CA
1171,2021-01-20T03:07:09.580Z,38.8375015,-122.8083344,2.07,0.56,nc73513650,2021-01-20T03:16:06.860Z,"8km WNW of Cobb, CA",earthquake,0.34,1.13,, CA
1173,2021-01-20T03:33:37.730Z,40.336834,-122.0718307,9.01,1.9,nc73513655,2021-01-20T03:35:13.100Z,"20km WSW of Manton, CA",earthquake,0.45,1.46,0.14, CA
1175,2021-01-20T03:41:18.890Z,40.62649920000001,-121.6600037,-0.99,2.14,nc73513665,2021-01-20T03:45:09.016Z,"12km N of Viola, CA",earthquake,1.06,4.51,0.11, CA
1178,2021-01-20T04:03:44.890Z,36.8829994,-121.6194992,8.22,1.97,nc73513670,2021-01-20T04:05:22.213Z,"2km ESE of Aromas, CA",earthquake,0.32,0.8,0.21, CA
1179,2021-01-20T04:04:39.400Z,35.8563333,-117.68366670000002,8.12,0.94,ci39762336,2021-01-20T04:08:11.570Z,"22km ESE of Little Lake, CA",earthquake,0.38,1.02,0.205, CA
1180,2021-01-20T04:04:39.430Z,35.859333,-117.6861649,7.39,1.07,ci39762336,2021-01-20T04:06:44.429Z,"22km ESE of Little Lake, CA",earthquake,0.47,1.11,0.18, CA
1182,2021-01-20T04:18:38.970Z,37.3889999,-121.7405014,6.19,2.07,nc73513675,2021-01-20T04:20:17.584Z,"8km ENE of Alum Rock, CA",earthquake,0.13,0.35,0.2, CA
1188,2021-01-20T05:15:02.270Z,32.8798333,-115.49183329999998,6.58,1.45,ci39762344,2021-01-20T05:18:52.056Z,"8km ENE of Imperial, CA",earthquake,0.68,1.04,0.166, CA
1191,2021-01-20T05:41:05.870Z,38.8251648,-122.7823334,2.13,0.87,nc73513700,2021-01-20T05:42:44.006Z,"5km W of Cobb, CA",earthquake,0.39,0.89,0.19, CA
1192,2021-01-20T06:07:57.200Z,35.711,-117.5716667,9.95,1.42,ci39762368,2021-01-20T06:11:40.365Z,"14km NE of Ridgecrest, CA",earthquake,0.33,0.72,0.122, CA
1201,2021-01-20T06:56:08.300Z,38.8115005,-122.82050320000002,3.26,0.24,nc73513715,2021-01-20T07:05:07.086Z,"7km NW of The Geysers, CA",earthquake,0.28,0.79,0.12, CA
1202,2021-01-20T07:25:09.300Z,38.8393326,-122.8083344,2.14,0.56,nc73513725,2021-01-20T07:26:49.420Z,"8km WNW of Cobb, CA",earthquake,0.32,0.86,, CA
1204,2021-01-20T07:30:45.960Z,38.83399960000001,-122.8118362,1.85,0.56,nc73513730,2021-01-20T07:32:24.037Z,"8km W of Cobb, CA",earthquake,0.36,0.92,, CA
1205,2021-01-20T07:34:24.830Z,32.726501500000005,-115.9264984,10.76,1.49,ci39762528,2021-01-20T07:36:50.917Z,"6km E of Ocotillo, CA",earthquake,0.34,0.69,0.368, CA
1206,2021-01-20T07:34:25.080Z,32.7335,-115.9241667,7.53,1.34,ci39762528,2021-01-20T07:37:59.867Z,"6km E of Ocotillo, CA",earthquake,0.44,1.12,0.29100000000000004, CA
1214,2021-01-20T08:25:40.750Z,37.4533333,-118.843,2.22,0.78,nc73513735,2021-01-20T09:04:43.523Z,"19km SW of Toms Place, CA",earthquake,0.32,1.95,0.159, CA
1229,2021-01-20T09:13:58.360Z,33.5948333,-116.8055,6.63,1.11,ci39762688,2021-01-20T09:17:46.963Z,"13km WNW of Anza, CA",earthquake,0.22,0.42,0.125, CA
1232,2021-01-20T09:43:18.320Z,32.7316667,-115.80783329999998,14.28,1.3,ci39762696,2021-01-20T09:47:04.709Z,"17km E of Ocotillo, CA",earthquake,0.56,1.14,0.151, CA
1233,2021-01-20T10:00:37.810Z,38.8055,-122.81549840000002,3.22,0.32,nc73513745,2021-01-20T10:02:13.221Z,"6km WNW of The Geysers, CA",earthquake,0.44,0.79,0.24, CA
1236,2021-01-20T10:32:41.730Z,38.8351669,-122.7861633,1.4,0.56,nc73513755,2021-01-20T10:34:18.209Z,"6km WNW of Cobb, CA",earthquake,0.53,1.14,, CA
1237,2021-01-20T10:39:41.050Z,36.1563333,-118.0756667,2.83,1.89,ci39762704,2021-01-20T10:43:28.391Z,"15km SSW of Olancha, CA",earthquake,0.42,1.64,0.227, CA
1239,2021-01-20T10:42:45.140Z,38.8176651,-122.7958298,3.22,1.13,nc73513770,2021-01-20T10:45:55.946Z,"6km NW of The Geysers, CA",earthquake,0.23,0.41,0.09, CA
1244,2021-01-20T11:12:00.320Z,38.833168,-122.817337,0.97,0.61,nc73513780,2021-01-20T11:21:06.710Z,"8km NW of The Geysers, CA",earthquake,0.21,0.4,0.05, CA
1245,2021-01-20T11:14:08.930Z,37.4088326,-118.395668,5.47,2.08,nc73513785,2021-01-20T11:21:07.710Z,"3km NE of Dixon Lane-Meadow Creek, CA",earthquake,2.03,0.51,0.16, CA
1248,2021-01-20T11:23:21.430Z,35.8665,-117.6605,6.97,0.76,ci39762728,2021-01-20T11:26:56.931Z,"24km ESE of Little Lake, CA",earthquake,0.25,0.6,0.152, CA
1250,2021-01-20T11:44:53.720Z,37.9179993,-122.0315018,9.19,1.49,nc73513795,2021-01-20T11:46:33.653Z,"3km ENE of Walnut Creek, CA",earthquake,0.22,0.53,0.21, CA
1251,2021-01-20T11:54:15.840Z,37.9044991,-118.550499,0.34,2.22,nc73513800,2021-01-20T11:58:05.898Z,"40km NNE of Toms Place, CA",earthquake,0.43,4.79,0.16, CA
1253,2021-01-20T12:19:10.160Z,33.688999200000005,-116.7766647,17.48,1.15,ci39762736,2021-01-20T12:22:48.693Z,"8km SW of Idyllwild, CA",earthquake,0.45,0.94,0.18600000000000005, CA
1254,2021-01-20T12:19:10.240Z,33.6931667,-116.7788333,17.18,0.92,ci39762736,2021-01-20T12:22:59.382Z,"8km SW of Idyllwild, CA",earthquake,0.3,0.56,0.12, CA
1257,2021-01-20T12:47:51.600Z,38.8353348,-122.8078308,2.04,0.56,nc73513810,2021-01-20T12:49:28.074Z,"8km WNW of Cobb, CA",earthquake,0.63,1.57,, CA
1262,2021-01-20T14:02:11.280Z,36.0846667,-117.93533329999998,3.87,1.23,ci39762784,2021-01-20T14:05:47.543Z,"5km NNE of Coso Junction, CA",earthquake,0.38,0.76,0.253, CA
